GEOID,Latitude,Longitude,State Name,County Name,Carb,Lead,Nitro,Ozo,Part,Sulf
"01003","30.497477999999997","-87.880258",Alabama,Baldwin,,,,0.04151925,7.551402,
"01027","33.284928","-85.803608",Alabama,Clay,,,,,7.550467,
"01033","34.762619","-87.638097",Alabama,Colbert,,,,0.03946575,7.213235,
"01049","34.288567","-85.969858",Alabama,DeKalb,,,,0.04564475,7.55,
"01051","32.53568","-86.25519299999999",Alabama,Elmore,,,,0.0421115,,
"01053","31.092100000000002","-87.54350000000001",Alabama,Escambia,,,,,,
"01055","33.991493999999996","-85.99264699999999",Alabama,Etowah,,,,0.04527875,8.410526,
"01069","31.224783","-85.390789",Alabama,Houston,,,,0.0381575,8.115652,
"01073","33.553056","-86.815",Alabama,Jefferson,"0.29480866666666666","0.004358333333333333","17.80689975",0.0443390833333333,9.12240012195122,"2.207397916666667"
"01079","34.342904","-87.33973",Alabama,Lawrence,,"0.000843",,,,
"01089","34.788423","-86.61610499999999",Alabama,Madison,,,,0.04569225,7.1425895,
"01097","30.770180999999997","-88.087761",Alabama,Mobile,,,,0.038162875,8.302679,"1.4579122500000001"
"01101","32.412811","-86.26339399999999",Alabama,Montgomery,,,,0.042002,8.8712645,
"01103","34.530716999999996","-86.967536",Alabama,Morgan,,,,0.04477,7.627826,
"01109","31.790478999999998","-85.978974",Alabama,Pike,,,,,,
"01113","32.437028","-84.999653",Alabama,Russell,,"0.00266",,0.04041825,9.39168922222222,
"01117","33.317142","-86.82575399999999",Alabama,Shelby,,,,0.04493725,,"2.26496175"
"01119","32.362606","-88.277992",Alabama,Sumter,,,,0.03750725,,"0.60581675"
"01125","33.189931","-87.484189",Alabama,Tuscaloosa,,,,0.03863875,7.941964,
"02013","55.324675","-160.508331",Alaska,Aleutians East ,,"0.0002",,,,
"02020","61.205861","-149.824602",Alaska,Anchorage ,"0.533928",,,,7.3747473,
"02050","60.795829999999995","-161.767",Alaska,Bethel ,,,,,,
"02068","63.723200000000006","-148.9676",Alaska,Denali ,,"0.000169",,0.034615,,
"02090","64.840672","-147.722461",Alaska,Fairbanks North Star ,"0.3786695","0.002629333333333333","13.822049999999999",0.02502475,10.3190968125,"6.4055318"
"02110","58.388496999999994","-134.567237",Alaska,Juneau ,,,,,6.8254576,
"02122","60.012314999999994","-151.711491",Alaska,Kenai Peninsula ,,"0.00025",,,,
"02170","61.534163","-149.031655",Alaska,Matanuska-Susitna ,,"0.000175",,,5.731984,
"02185","68.637233","-149.590949",Alaska,North Slope ,,"0.000137",,,,
"04001","34.073389999999996","-109.85801000000001",Arizona,Apache,,"0.00026",,,2.17057,
"04003","31.3658","-109.73095",Arizona,Cochise,,"0.00042",,0.04866375,5.083972,
"04005","35.206111","-111.652777",Arizona,Coconino,,"0.0001525",,0.048116875,,
"04007","34.229732999999996","-111.32950000000001",Arizona,Gila,,"0.001156",,0.052352,,"5.642826200000001"
"04012","34.243900000000004","-113.5586",Arizona,La Paz,,,,0.04766675,3.2673988,
"04013","33.483779999999996","-112.14256",Arizona,Maricopa,"0.33322731249999993","0.0018376666666666665","22.984137083333334",0.04935625,6.78869898360656,"0.8998736923076923"
"04015","35.153887999999995","-114.566111",Arizona,Mohave,,"8.9e-05",,,,
"04017","34.82251","-109.89249",Arizona,Navajo,,"0.00035999999999999997",,0.0477995,,
"04019","32.382036","-112.85745299999999",Arizona,Pima,"0.19840375","0.001129","12.38742775",0.046124875,3.86598607142857,"0.1327292"
"04021","32.877583","-111.752222",Arizona,Pinal,,,,0.0489381,8.37488373076923,
"04023","31.337204","-110.936718",Arizona,Santa Cruz,,"0.001764",,,8.62067088888889,
"04025","34.612055","-112.463213",Arizona,Yavapai,,"0.000487",,0.04759425,,
"04027","32.690278","-114.61444",Arizona,Yuma,,,,0.046805,7.9406322,
"05001","34.518515","-91.55896",Arkansas,Arkansas,,,,,7.930508,
"05003","33.139471","-91.939208",Arkansas,Ashley,,,,,8.195,
"05007","36.459691","-94.20566199999999",Arkansas,Benton,,,,,8.216721,
"05019","34.179500000000004","-93.09880000000001",Arkansas,Clark,,,,0.03863525,,
"05031","35.837638","-90.67951599999999",Arkansas,Craighead,,,,,7.52449,
"05035","35.197288","-90.193141",Arkansas,Crittenden,,,"12.7728065",0.04339325,8.278151,
"05051","34.469440999999996","-93.00017799999999",Arkansas,Garland,,,,,8.8532915,
"05067","35.637283","-91.188906",Arkansas,Jackson,,,,,8.169231,
"05101","35.832726","-93.20826",Arkansas,Newton,,"0.000509",,0.04083,,
"05113","34.583698999999996","-94.22623399999999",Arkansas,Polk,,"0.0006439999999999999",,0.0432055,8.674167,
"05119","34.756189","-92.281296",Arkansas,Pulaski,"0.370729","0.00328","13.4448665",0.039109375,9.94490566666667,"1.15412975"
"05139","33.220563","-92.672263",Arkansas,Union,,,,,9.054167,
"05143","36.179700000000004","-94.116827",Arkansas,Washington,,,,0.041286125,8.0075,
"06001","37.687526","-121.784217",California,Alameda,"0.4421073",,"16.540290916666667",0.0329328,7.33994443333333,"0.59841575"
"06005","38.342605999999996","-120.764426",California,Amador,,,,0.04332775,,
"06007","39.708453999999996","-121.617309",California,Butte,"0.22909200000000002","0.0016829999999999998","10.752029",0.04358275,7.14882144444444,
"06009","38.20185","-120.680277",California,Calaveras,,,,0.04489475,5.4769014,
"06011","39.021221","-122.281803",California,Colusa,,,,0.038061,6.5165716,
"06013","37.936012999999996","-122.02615399999999",California,Contra Costa,"0.34356800000000004",,"9.352400875",0.038502125,6.99267664285714,"1.1776749166666667"
"06015","41.560952","-124.083964",California,Del Norte,,"0.00014",,,,
"06017","38.725282","-120.821916",California,El Dorado,,"0.000178",,0.04832325,,
"06019","36.705473999999995","-119.741332",California,Fresno,"0.29465874999999997","0.001276","15.244143750000001",0.0482365714285714,9.51000361904761,"0.58540575"
"06021","39.53387","-122.190834",California,Glenn,,,,0.04187575,,
"06023","40.776779999999995","-124.17949",California,Humboldt,"0.22978300000000002",,"3.9755565",0.029123,6.78785,"0.4917452"
"06025","32.676179999999995","-115.48307",California,Imperial,"0.238213","0.00977","14.17674025",0.0390693125,9.08220425,"0.54236375"
"06027","37.360684","-118.330783",California,Inyo,"0.10692299999999999","0.000183",,0.0445698125,4.56346660714286,"0.090165"
"06029","35.345607","-118.85182499999999",California,Kern,"0.2467285","0.002273","18.064926500000002",0.05113009375,9.50449546153846,
"06031","36.102244","-119.56565",California,Kings,,,"13.5182365",0.046611375,12.1805685,
"06033","39.01893","-122.91333",California,Lake,,,,0.0355025,3.141667,
"06037","34.136500000000005","-117.92391",California,Los Angeles,"0.34048339285714296","0.0018445","20.0817392",0.0471450961538462,9.9471516111111,"0.5263146"
"06039","36.867125","-120.010158",California,Madera,,,"9.233616999999999",0.04673425,9.554054,
"06041","37.97231","-122.520004",California,Marin,"0.30900399999999995","0.000196","12.431328",0.033793,6.3829552,
"06043","37.713249999999995","-119.70620000000001",California,Mariposa,,"0.00023",,0.0525875,,
"06045","39.15047","-123.20655",California,Mendocino,,,,0.03235625,5.6630964,
"06047","37.281853","-120.433671",California,Merced,,,"10.5528775",0.04594175,9.35084055555556,
"06051","37.64571","-118.96652",California,Mono,,"0.000217",,,5.71283828571428,
"06053","36.48187","-121.73333",California,Monterey,"0.2367215",,"7.1288005",0.0368895833333333,4.70318578947369,
"06055","38.278849","-122.275024",California,Napa,"0.273216",,"8.294105",0.0376425,5.9313212,
"06057","39.233477","-121.055608",California,Nevada,,,,0.0484275,5.345437,
"06059","33.830619999999996","-117.93845",California,Orange,"0.34498512499999995",,"19.853860166666667",0.0458753333333333,8.81734875,
"06061","38.93568","-121.09959",California,Placer,,,"11.372108999999998",0.04496985,6.70177461538461,
"06063","39.939567","-120.944376",California,Plumas,,"0.001397",,,10.296522,
"06065","33.92145","-117.57244",California,Riverside,"0.2655634","0.0025976666666666665","13.362463625",0.0512774,8.70812832857143,"0.4611161999999999"
"06067","38.712089999999996","-121.38109",California,Sacramento,"0.3308333333333333","0.0022004999999999998","9.870816299999998",0.0423195416666667,6.73777635483871,"0.45580300000000007"
"06069","36.843424999999996","-121.36210000000001",California,San Benito,,"0.00027499999999999996",,0.04106725,4.9275156,
"06071","34.89398","-117.024804",California,San Bernardino,"0.2904645","0.00045949999999999995","23.138153812499997",0.0552830625,11.4850717692308,"1.3375683846153845"
"06073","32.631242","-117.059088",California,San Diego,"0.40032024999999993","0.002441","13.010725875",0.0444240625,9.14635053846154,"0.0890258"
"06075","37.765946","-122.399044",California,San Francisco,"0.302789",,"14.61335",0.0328115,7.6784286,
"06077","37.950741","-121.268523",California,San Joaquin,"0.2597945",,"13.170356750000002",0.041327375,9.07298346666667,
"06079","35.614668","-120.656912",California,San Luis Obispo,,,"5.462822",0.0403675714285714,5.6476674,"0.05334019999999999"
"06081","37.482934","-122.20337",California,San Mateo,"0.3771285",,"14.281782499999998",0.0340145,7.0167734,
"06083","34.46245","-120.02551",California,Santa Barbara,"0.12263133333333333","0.000222","3.211713153846154",0.0377035,5.3321287,"0.17132217391304347"
"06085","36.999570999999996","-121.57468399999999",California,Santa Clara,"0.44090775","0.0028469999999999997","17.56606975",0.0385246875,7.53749247368421,"0.2425455"
"06087","36.98332","-121.98822",California,Santa Cruz,,,,0.036538,5.6200945,
"06089","40.550129999999996","-122.38092",California,Shasta,,"0.0002",,0.040710625,6.628302,
"06093","41.711825","-121.509993",California,Siskiyou,,"0.000167",,0.036206,5.83005,
"06095","38.102506999999996","-122.237976",California,Solano,"0.320094",,"11.7719685",0.0376590833333333,8.722431,"0.59010075"
"06097","38.804266999999996","-123.018142",California,Sonoma,"0.28803",,"6.742687500000001",0.035014125,5.6848448,
"06099","37.642165","-120.994212",California,Stanislaus,"0.263166","0.002885","13.900741",0.04402775,8.98813492857143,
"06101","39.138773","-121.618549",California,Sutter,,,"10.8207625",0.043887,8.450142,
"06103","40.262071999999996","-122.092766",California,Tehama,,,,0.046404875,5.4362594,
"06105","40.73475","-122.94120000000001",California,Trinity,,"0.000138",,,,
"06107","36.566128","-118.77770000000001",California,Tulare,,"0.0015404999999999998","15.339858999999999",0.0531242,12.897345,
"06109","37.98178","-120.378551",California,Tuolumne,,,,0.04754375,,
"06111","34.210169","-118.870509",California,Ventura,,,"10.16808175",0.0457017,6.65570903333333,
"06113","38.53445","-121.77340000000001",California,Yolo,,,"7.134504",0.042559,7.715094,
"08001","39.82835","-104.93836",Colorado,Adams,"0.2923555","0.002","25.066083499999998",0.041237,9.02635388888889,"1.185672"
"08003","37.724919","-105.519073",Colorado,Alamosa,,"0.000104",,,,
"08005","39.567887","-104.957193",Colorado,Arapahoe,,,,0.049142125,6.016102,
"08007","37.26842","-107.009659",Colorado,Archuleta,,,"4.141135",0.04744725,,"1.156053"
"08013","40.164576","-105.100856",Colorado,Boulder,,,,0.0475395,6.87772807692308,
"08019","39.794391","-105.76398",Colorado,Clear Creek,,,,0.0518,,
"08029","38.876400000000004","-107.6023",Colorado,Delta,,,"3.2594035000000003",0.04499475,3.74435366666667,
"08031","39.751183999999995","-104.987625",Colorado,Denver,"0.3820936666666667","0.002617","30.21102525",0.0417415,8.07627260975609,"0.965937375"
"08035","39.534487999999996","-105.070358",Colorado,Douglas,,,,0.049075,5.71859422222222,
"08041","38.958341","-104.817215",Colorado,El Paso,"0.351749",,,0.0489185,4.9823308,"1.4098345"
"08043","38.438289999999995","-105.24504",Colorado,Fremont,,,,,,
"08045","39.453654","-108.053259",Colorado,Garfield,,,"6.2367635",0.0451495833333333,3.47551866666667,
"08047","39.792519","-105.49127",Colorado,Gilpin,,,,0.04998075,,
"08051","38.9564","-106.98580000000001",Colorado,Gunnison,,,,0.05049525,,
"08057","40.5383","-106.67660000000001",Colorado,Jackson,,"4.2999999999999995e-05",,,,
"08059","39.800332999999995","-105.099973",Colorado,Jefferson,,,"6.3494340000000005",0.0491871875,,
"08067","37.303889999999996","-107.484167",Colorado,La Plata,"0.1407","0.000176","5.5183925",0.05043075,3.535953,
"08069","40.27813","-105.54564",Colorado,Larimer,"0.29888","0.0001",,0.0475933125,5.9768526,
"08077","39.063798","-108.561173",Colorado,Mesa,"0.26468499999999995",,,0.04698525,4.9774222,
"08083","37.350054","-108.592334",Colorado,Montezuma,,"0.00010499999999999999",,0.048481,,
"08097","39.154","-106.82100000000001",Colorado,Pitkin,,"0.00015099999999999998",,,,
"08099","38.084688","-102.618641",Colorado,Prowers,,,,,,
"08101","38.276098999999995","-104.597613",Colorado,Pueblo,,,,,4.721053,
"08103","40.038889","-107.84750000000001",Colorado,Rio Blanco,,"0.000196","3.318569",0.04649475,7.9021564,
"08107","40.485200999999996","-106.831625",Colorado,Routt,,,,,,
"08111","37.659409","-107.800541",Colorado,San Juan,,"7.3e-05",,,,
"08113","37.937872","-107.813061",Colorado,San Miguel,,,,,,
"08123","40.414877","-104.70693",Colorado,Weld,"0.21976649999999998","0.002019",,0.0416345,8.27613044444445,
"09001","41.170832999999995","-73.194722",Connecticut,Fairfield,"0.322218",,"14.093249",0.048031625,7.08747833333333,"0.29800220000000005"
"09003","41.771443999999995","-72.679923",Connecticut,Hartford,"0.31920149999999997",,"15.03333675",0.0447935,6.57018016666667,
"09005","41.821342","-73.297257",Connecticut,Litchfield,"0.1516425","0.000593",,0.0415035,4.470977,"0.148489"
"09007","41.550000000000004","-72.626",Connecticut,Middlesex,,,,0.04601525,,
"09009","41.3014","-72.90287099999999",Connecticut,New Haven,"0.245354","0.00234","18.098262",0.044139125,7.09821281481482,"0.2299058"
"09011","41.35362","-72.07882",Connecticut,New London,,,,0.0461485,5.855398,
"09013","41.976389","-72.38805599999999",Connecticut,Tolland,,,,0.04535825,,
"09015","41.84046","-72.010368",Connecticut,Windham,,,,0.04355,,
"10001","38.986672","-75.55680000000001",Delaware,Kent,,,,0.0467015,6.99915755555556,
"10003","39.761111","-75.49194399999999",Delaware,New Castle,"0.249694","0.002509","15.908627500000001",0.04428475,7.57569505714286,"0.503025375"
"10005","38.6539","-75.6106",Delaware,Sussex,,,,0.04471125,7.6172656,"0.16210200000000002"
"11001","38.895572","-76.958072",District Of Columbia,District of Columbia,"0.317225","0.002264","17.340449375",0.043894,8.21500134375,"0.7582753"
"12001","29.706111","-82.387778",Florida,Alachua,,,,0.0380605,6.7695545,
"12003","30.201110999999997","-82.44111099999999",Florida,Baker,,,,0.03792025,,
"12005","30.130433","-85.731517",Florida,Bay,,,,0.03971125,,
"12009","28.053611","-80.62861099999999",Florida,Brevard,,,,0.036475875,6.30686244444444,
"12011","26.073535999999997","-80.33845",Florida,Broward,"0.324886","0.002248","15.20511925",0.03538075,6.79154316666667,"0.9220056"
"12017","28.958644","-82.64296499999999",Florida,Citrus,,"0.00098",,,,"1.1657591999999999"
"12021","26.270083","-81.710959",Florida,Collier,,,,0.03792325,,
"12023","30.178055999999998","-82.61916699999999",Florida,Columbia,,,,0.0392145,,
"12031","30.356339","-81.635396",Florida,Duval,"0.435497",,"13.06085225",0.0393880833333333,7.26772740909091,"1.0242448999999998"
"12033","30.525367","-87.20354999999999",Florida,Escambia,,,,0.040581,8.34841746153846,"0.854547"
"12035","29.489082999999997","-81.276833",Florida,Flagler,,,,0.03769825,,
"12047","30.426589999999997","-82.794715",Florida,Hamilton,,,,,,"0.6608592000000001"
"12055","27.189214999999997","-81.34035",Florida,Highlands,,,,0.039496,,
"12057","27.740033","-82.46514599999999",Florida,Hillsborough,"0.22825525","0.002626","14.466827",0.0393704375,7.49549566666667,"1.0097022999999998"
"12059","30.848611","-85.603889",Florida,Holmes,,,,0.039731,,
"12061","27.8492","-80.4554",Florida,Indian River,,,,0.0398505,,
"12069","28.523888999999997","-81.723333",Florida,Lake,,,,0.04069875,,
"12071","26.602016","-81.87790799999999",Florida,Lee,,,,0.03914025,7.3862392,
"12073","30.439722","-84.346389",Florida,Leon,,"0.004842",,0.037686,7.672917,
"12077","30.110300000000002","-84.9903",Florida,Liberty,,,,0.03717975,,
"12081","27.638925","-82.547648",Florida,Manatee,,,,0.0382445833333333,,"0.8537324"
"12083","29.170533","-82.100646",Florida,Marion,,,,0.0380655,,
"12085","27.172458","-80.240689",Florida,Martin,,,,0.03733825,,
"12086","25.899538999999997","-80.38259",Florida,Miami-Dade,"0.1371425","0.00044","12.128197",0.03465825,6.92177717647059,"0.22907260000000002"
"12089","30.658552","-81.463168",Florida,Nassau,,,,,,"2.3290390000000003"
"12091","30.426533","-86.666217",Florida,Okaloosa,,,,0.039236,,
"12095","28.454449999999998","-81.381181",Florida,Orange,"0.25368199999999996",,"7.0139830000000005",0.037409875,6.5434058,"0.390964"
"12097","28.347509","-81.63646399999999",Florida,Osceola,,,,0.0394825,,
"12099","26.724785999999998","-80.66644699999999",Florida,Palm Beach,,,"1.6090909999999998",0.036235375,6.33549755555556,
"12101","28.332224999999998","-82.30564299999999",Florida,Pasco,,,,0.03879675,,
"12103","27.946687999999998","-82.73176699999999",Florida,Pinellas,"0.23848175",,"9.24810125",0.0385615,6.93973571428571,"0.9631857"
"12105","27.939746","-82.000084",Florida,Polk,,,,0.038053125,7.7521506,"1.310502"
"12107","29.687748","-81.656509",Florida,Putnam,,,,,,"0.7543973999999999"
"12111","27.389079","-80.311033",Florida,St. Lucie,,,,0.03724375,,
"12113","30.394133","-87.008033",Florida,Santa Rosa,,,,0.040399,,
"12115","27.290556","-82.507222",Florida,Sarasota,,,"4.095853",0.0366496666666667,6.8372116,
"12117","28.746111","-81.31055599999999",Florida,Seminole,,,,0.03970975,6.33987622222222,
"12127","29.206667","-81.05250000000001",Florida,Volusia,,,,0.03862725,7.5048804,
"12129","30.0925","-84.16111099999999",Florida,Wakulla,"0.11042750000000001","0.0007034999999999999",,0.03789175,,"0.4978969999999999"
"13021","32.777465","-83.640996",Georgia,Bibb,,"0.002073",,0.043921,8.43081182352941,"0.27804375000000003"
"13049","30.740717999999998","-82.128154",Georgia,Charlton,,"0.000837",,,,
"13051","32.06848","-81.04942",Georgia,Chatham,,,,0.04096525,8.38925855555556,"2.553161125"
"13055","34.474526","-85.408847",Georgia,Chattooga,,,,0.042252,,
"13059","33.918137","-83.344385",Georgia,Clarke,,,,0.04477025,8.63654421428571,
"13063","33.610845","-84.390717",Georgia,Clayton,,,,,8.694958,
"13067","34.015436","-84.607423",Georgia,Cobb,,,,0.044361,8.647934,
"13069","31.513097","-82.749971",Georgia,Coffee,,"0.001667",,,7.18843,
"13073","33.582043999999996","-82.131249",Georgia,Columbia,,,,0.0418835,,
"13085","34.376227","-84.059506",Georgia,Dawson,,,,0.04104425,,
"13089","33.6878","-84.29050000000001",Georgia,DeKalb,"0.29985149999999994","0.001804","18.81241125",0.04049825,8.95379876923077,"0.1537405"
"13095","31.5776","-84.0998",Georgia,Dougherty,,,,,10.2336723846154,
"13097","33.741242","-84.776429",Georgia,Douglas,,,,0.04336625,,
"13115","34.2605","-85.3232",Georgia,Floyd,,"0.0023209999999999997",,,,"1.6061009999999998"
"13121","33.802240999999995","-84.43561799999999",Georgia,Fulton,"0.5912885",,"21.021558499999998",0.04956225,9.3032645,"1.4136115"
"13127","31.169805","-81.495035",Georgia,Glynn,,,,0.04001525,7.635455,
"13135","33.9632","-84.0691",Georgia,Gwinnett,,,,0.046803,10.8100418,
"13139","34.2993","-83.8134",Georgia,Hall,,,,,9.35611,
"13151","33.433949","-84.161811",Georgia,Henry,,,,0.04418125,,
"13153","32.6056","-83.5978",Georgia,Houston,,,,,9.16827855555556,
"13185","30.8486","-83.2933",Georgia,Lowndes,,,,,7.527193,
"13213","34.785219","-84.626423",Georgia,Murray,,"0.000612",,0.04566375,,
"13215","32.4842","-84.97890000000001",Georgia,Muscogee,,"0.0024289999999999997",,0.0429215,8.814567,
"13231","33.1787","-84.40520000000001",Georgia,Pike,,,,0.04563175,,
"13245","33.4339","-82.0224",Georgia,Richmond,,"0.002327",,0.04619575,10.6655596,"2.140143"
"13247","33.588544999999996","-84.069608",Georgia,Rockdale,,,,0.046811,,
"13261","31.954286","-84.08100999999999",Georgia,Sumter,,,,0.04260125,,
"13295","34.9788","-85.3009",Georgia,Walker,,"0.0024809999999999997",,,8.83334844444444,
"13303","32.967359","-82.806871",Georgia,Washington,,,,,8.30718088888889,
"15001","19.4308","-155.2578",Hawaii,Hawaii,,"8.9e-05",,,2.49763609574468,"1.7085798709677418"
"15003","21.323745","-158.088613",Hawaii,Honolulu,"0.19338933333333333","0.001356","7.547414",0.028967375,3.14208733333333,"1.0983985833333334"
"15007","21.949599","-159.36624",Hawaii,Kauai,,,"6.979702",,2.9202316,"0.4659402"
"15009","20.780997","-156.446373",Hawaii,Maui,,"5.9999999999999995e-05",,,3.8022341,
"16001","43.618888999999996","-116.213611",Idaho,Ada,"0.38895875","0.001704","15.800819",0.03272,5.292345,"0.45547180000000004"
"16005","42.916388999999995","-112.515833",Idaho,Bannock,,,,,,"5.571630600000001"
"16009","47.316576999999995","-116.571281",Idaho,Benewah,,,,,10.1149198333333,
"16013","43.682500000000005","-114.371267",Idaho,Blaine,,,,,,
"16015","43.82291","-115.8395",Idaho,Boise,,,,,,
"16017","48.292141","-116.556656",Idaho,Bonner,,,,,,
"16019","43.4647","-112.04645",Idaho,Bonneville,,,,,,
"16023","43.460556","-113.562222",Idaho,Butte,,"0.000265",,0.046627,,
"16027","43.58031","-116.562676",Idaho,Canyon,,,,,6.860185,
"16029","42.695198","-111.594669",Idaho,Caribou,,,,,,"3.5140595999999995"
"16037","44.170384999999996","-114.928034",Idaho,Custer,,"0.000103",,,,
"16041","42.082222","-111.864167",Idaho,Franklin,,,,,5.793948,
"16049","45.931273999999995","-116.116255",Idaho,Idaho,,,,0.04052875,,
"16053","42.68","-114.25250000000001",Idaho,Jerome,,,,,3.9354086,
"16055","47.788908","-116.804539",Idaho,Kootenai,,,,,,
"16057","46.72182","-116.960177",Idaho,Latah,,,,,,
"16059","45.181897","-113.890285",Idaho,Lemhi,,,,,8.207826,
"16069","46.408352","-116.992533",Idaho,Nez Perce,,,,,,
"16079","47.536389","-116.236667",Idaho,Shoshone,,,,,9.63884066666667,
"16083","42.565089","-114.494717",Idaho,Twin Falls,,,,,,
"16085","44.890197","-116.10650000000001",Idaho,Valley,,,,,,
"17001","39.915409","-91.33586799999999",Illinois,Adams,,,,0.0450555,,
"17019","40.123886","-88.24055299999999",Illinois,Champaign,"0.02351433333333333","0.001167",,0.041446125,7.73469630769231,"0.536247"
"17023","39.210857","-87.668297",Illinois,Clark,,,,0.043078,,
"17031","41.670992","-87.732457",Illinois,Cook,"0.31613824999999995","0.002971333333333333","21.7682419",0.04202565,9.37152733802817,"1.2539035833333334"
"17043","41.771071","-88.152534",Illinois,DuPage,,,,0.04222,10.2439062,
"17049","39.067159","-88.548934",Illinois,Effingham,,,,0.04392425,,
"17065","38.082155","-88.624943",Illinois,Hamilton,,,,0.046657,8.2535684,
"17083","39.101439","-90.344494",Illinois,Jersey,,,,0.04561075,7.9597168,
"17085","42.2869","-89.9997",Illinois,Jo Daviess,,,,0.041301,,
"17089","42.050402999999996","-88.28001499999999",Illinois,Kane,,,,0.0435175,8.44157966666667,
"17097","42.467573","-87.810047",Illinois,Lake,,,,0.043497,,
"17099","41.293015","-89.049425",Illinois,La Salle,,,,,,"0.43053775"
"17111","42.221441999999996","-88.242207",Illinois,McHenry,,,,0.045291,7.789831,
"17113","40.518735","-88.99689599999999",Illinois,McLean,,,,0.04479175,9.0238768,
"17115","39.866834","-88.92559399999999",Illinois,Macon,,,,0.043861,9.5224316,"2.2071359999999998"
"17117","39.396074999999996","-89.809739",Illinois,Macoupin,,,"4.0212445",0.0432195,,"0.6294077499999999"
"17119","38.890186","-90.14803099999999",Illinois,Madison,,"0.009000000000000001",,0.04567225,10.1512303636364,"1.286126"
"17133","38.159079999999996","-90.22728",Illinois,Monroe,,,,,,"0.83544675"
"17143","40.687419999999996","-89.606943",Illinois,Peoria,,,,0.043106625,8.055192,
"17157","38.176277999999996","-89.78845899999999",Illinois,Randolph,,,,0.04495225,7.064807,
"17161","41.514727","-90.51735",Illinois,Rock Island,,,,0.0439675,8.5728836,
"17163","38.612034","-90.160477",Illinois,Saint Clair,"0.34309599999999996",,"14.4771445",0.04490575,9.155357,"0.9761845"
"17167","39.831921","-89.64416399999999",Illinois,Sangamon,,,,0.04307575,8.2011864,
"17179","40.55646","-89.654028",Illinois,Tazewell,,,,,,"1.4545742499999998"
"17185","38.397788999999996","-87.773853",Illinois,Wabash,,,,,,"1.4319874999999997"
"17197","41.526885","-88.116474",Illinois,Will,,,,0.041724,9.2516149,
"17201","42.267","-89.08917",Illinois,Winnebago,,,,0.04167525,10.3215582,
"18003","41.221418","-85.016821",Indiana,Allen,,,,0.043878875,8.9478274,
"18005","39.294322","-85.76681599999999",Indiana,Bartholomew,,,,0.04642725,6.9237634,
"18011","39.997732","-86.395394",Indiana,Boone,,,,0.0448625,,
"18013","39.263914","-86.29226899999999",Indiana,Brown,,,,0.04352225,,
"18015","40.540455","-86.553035",Indiana,Carroll,,,,0.04379725,,
"18019","38.277704","-85.740099",Indiana,Clark,,"0.0035095",,0.045288,8.44019157142857,
"18027","38.573253","-87.214613",Indiana,Daviess,,,,,,"1.0422895"
"18035","40.199501999999995","-85.387908",Indiana,Delaware,,,,0.04107,8.335,
"18037","38.391799","-86.92966799999999",Indiana,Dubois,,"0.002418",,,8.430252,
"18039","41.716958999999996","-85.824696",Indiana,Elkhart,,,,0.039898,8.2013174,
"18043","38.30703","-85.832974",Indiana,Floyd,,,,0.04367775,,"0.8720265"
"18051","38.392990999999995","-87.748323",Indiana,Gibson,,,,,,"2.2919605"
"18055","38.985476999999996","-86.990419",Indiana,Greene,,,,0.04487125,7.709244,
"18057","40.068297","-85.992451",Indiana,Hamilton,,,,0.044799,9.13395911111111,
"18063","39.758707","-86.3985",Indiana,Hendricks,,,,0.04205325,,
"18065","40.009544","-85.52347",Indiana,Henry,,"0.002709",,,7.679832,
"18067","40.481347","-86.10968799999999",Indiana,Howard,,,,0.04433,7.3139536,
"18069","40.959604","-85.37961",Indiana,Huntington,,,,0.039283,,
"18071","38.920835","-86.080523",Indiana,Jackson,,,,0.04317025,,
"18081","39.484072","-86.053179",Indiana,Johnson,,,,,,
"18083","38.7408","-87.48530000000001",Indiana,Knox,,,,0.04489525,,
"18089","41.636126999999995","-87.440843",Indiana,Lake,"0.314449","0.0031669999999999997","15.624575499999999",0.041127125,9.5262323125,"1.1492680833333335"
"18091","41.717762","-86.907786",Indiana,LaPorte,,,,0.04271475,7.873729,
"18095","40.002511","-85.656391",Indiana,Madison,,,,0.04486525,8.445572,
"18097","39.744993","-86.16646399999999",Indiana,Marion,"0.3520288333333333","0.003586","17.253388500000003",0.041114625,10.3283678,"0.286435625"
"18105","39.159383","-86.504762",Indiana,Monroe,,,,,7.35356,
"18109","39.575634","-86.477893",Indiana,Morgan,,,,0.043396,,"2.049737"
"18123","38.115151999999995","-86.60325",Indiana,Perry,,,,0.04639025,,
"18125","38.518935","-87.248598",Indiana,Pike,,,,,,"1.05313075"
"18127","41.634104","-87.101452",Indiana,Porter,,,,0.042313125,8.2875228,"2.1856788750000002"
"18129","38.006409999999995","-87.71835399999999",Indiana,Posey,,,,0.04429375,,
"18141","41.551666999999995","-86.370556",Indiana,St. Joseph,,,"12.4112005",0.0425241666666667,8.10586538461538,
"18145","39.613367","-85.87066899999999",Indiana,Shelby,,,,0.0445735,,
"18147","38.167522999999996","-86.98321399999999",Indiana,Spencer,,,,,7.917949,
"18153","39.044992","-87.258969",Indiana,Sullivan,,,,,8.124138,
"18157","40.431639","-86.8525",Indiana,Tippecanoe,,,,,8.7801054,
"18163","38.113889","-87.536667",Indiana,Vanderburgh,"0.318025","0.003109","11.877089999999999",0.0433125,8.23163484615385,"0.7329129999999999"
"18167","39.485987","-87.40131199999999",Indiana,Vigo,,,,0.04426325,9.1857155,"1.2494365"
"18169","40.816038","-85.661408",Indiana,Wabash,,,,0.04479875,,
"18173","38.051666999999995","-87.27805599999999",Indiana,Warrick,,,,0.0442185,,
"18183","41.169646","-85.62929199999999",Indiana,Whitley,,,,,8.1959372,
"19013","42.501543","-92.316017",Iowa,Black Hawk,,,,,7.670833,
"19017","42.743036","-92.513241",Iowa,Bremer,,,,0.040005125,,
"19033","43.16944","-93.202426",Iowa,Cerro Gordo,,,,,,
"19045","41.823282999999996","-90.21198199999999",Iowa,Clinton,,,,0.040173625,8.603189,"1.03373725"
"19085","41.832256","-95.928185",Iowa,Harrison,,,,0.04206575,,
"19103","41.657232","-91.503478",Iowa,Johnson,,,,,9.13867758333333,
"19111","40.400959","-91.39101199999999",Iowa,Lee,,,,,8.281667,
"19113","42.281013","-91.526879",Iowa,Linn,,,,0.0387148125,7.62405207142857,"0.774984125"
"19137","40.969111999999996","-95.044951",Iowa,Montgomery,,"0.00078",,0.04041725,6.526446,
"19139","41.400968","-91.06795699999999",Iowa,Muscatine,,,,,7.9360515,"0.86005025"
"19147","43.123704","-94.693518",Iowa,Palo Alto,,,,0.041420875,6.426316,
"19153","41.603159","-93.643118",Iowa,Polk,"0.2114125",,"10.002164",0.0401774375,6.95775613043478,
"19155","41.264171","-95.896124",Iowa,Pottawattamie,,,,,7.6229005,
"19163","41.699174","-90.52194399999999",Iowa,Scott,"0.19368000000000002","0.003515",,0.0388755625,8.63957022727273,"0.59643675"
"19177","40.695077999999995","-92.006318",Iowa,Van Buren,,"0.000852","2.586827",0.04109275,7.175833,"0.191728"
"19193","42.499843999999996","-96.39475499999999",Iowa,Woodbury,,,,,7.450847,
"20017","38.434141","-96.5605",Kansas,Chase,,"0.000767",,,,
"20057","37.775303","-100.03544",Kansas,Ford,,,,,,
"20091","38.974457","-94.687013",Kansas,Johnson,,,,0.04021625,6.86351446153846,
"20103","39.327391","-94.95102",Kansas,Leavenworth,,,,0.041288,,
"20133","37.67696","-95.47594",Kansas,Neosho,,,"3.984855",0.04206175,8.9708732,"1.0768406"
"20169","38.776472999999996","-97.606494",Kansas,Saline,,,,,,
"20173","37.651114","-97.362212",Kansas,Sedgwick,,,"10.6682405",0.043916875,7.79944466666667,
"20177","39.024265","-95.711275",Kansas,Shawnee,,,,0.04183225,9.286289,
"20181","39.342801","-101.702996",Kansas,Sherman,,,,,,
"20191","37.47689","-97.366399",Kansas,Sumner,,,"5.157437",0.04429775,7.60812555555556,"0.9304695999999998"
"20195","38.770081","-99.763424",Kansas,Trego,,"0.000407","1.6873169999999997",0.04302,5.3278552,"0.736026"
"20209","39.117219","-94.635605",Kansas,Wyandotte,"0.2018375","0.004641999999999999","13.347907999999999",0.03774025,9.28852988888889,"0.8374687999999999"
"21013","36.60843","-83.73693999999999",Kentucky,Bell,,,,0.04246,7.313115,
"21015","38.91833","-84.852637",Kentucky,Boone,,,,0.04359775,,
"21019","38.47676","-82.63136999999999",Kentucky,Boyd,,,"8.76708",0.0432675,7.3895576,"0.12879825"
"21029","37.98629","-85.71191999999999",Kentucky,Bullitt,,,,0.045158,,
"21037","39.021881","-84.47444999999999",Kentucky,Campbell,,,"6.808782",0.043786,7.76641371428572,"0.30619175000000004"
"21043","38.23887","-82.9881",Kentucky,Carter,,,,0.0407535,5.683471,
"21047","36.91171","-87.323337",Kentucky,Christian,,,,0.04189525,8.487736,
"21059","37.780775999999996","-87.075307",Kentucky,Daviess,,,"7.3360734999999995",0.04587175,8.2512588,"1.443831"
"21061","37.131789999999995","-86.14295299999999",Kentucky,Edmonson,"0.16582799999999998","0.001",,0.04621875,,"0.2852914"
"21067","38.06503","-84.49761",Kentucky,Fayette,,,"11.1273085",0.04483575,7.9491688,"0.20628174999999999"
"21089","38.548136","-82.731163",Kentucky,Greenup,,,,0.0403175,,"0.45184525"
"21091","37.938289999999995","-86.89719",Kentucky,Hancock,,,,0.04571225,,
"21093","37.705611999999995","-85.852629",Kentucky,Hardin,,,,0.04459475,7.43752807692308,
"21101","37.8712","-87.46374999999999",Kentucky,Henderson,,,,,9.1209276,"2.61343025"
"21111","38.23319","-85.81566",Kentucky,Jefferson,"0.26444225","0.011217","18.7433225",0.044156,9.42294378378378,"1.2307691666666667"
"21113","37.89147","-84.58825",Kentucky,Jessamine,,,,0.04507175,,"0.28621875"
"21139","37.155392","-88.394024",Kentucky,Livingston,,,,0.0449355,,
"21145","37.05822","-88.57251",Kentucky,McCracken,,,"8.421421",0.0451855,8.8525182,"0.378697"
"21151","37.736349","-84.29177399999999",Kentucky,Madison,,,,,,
"21157","37.0452","-88.33086999999999",Kentucky,Marshall,,,,,,
"21175","37.9214","-83.06620000000001",Kentucky,Morgan,,,,0.04304875,,
"21185","38.400200000000005","-85.44427999999999",Kentucky,Oldham,,,,0.0458965,,
"21193","37.28329","-83.20931999999999",Kentucky,Perry,,,,0.04244075,7.3813186,
"21195","37.482600000000005","-82.53532",Kentucky,Pike,,,,0.0407535,6.6875042,
"21199","37.09798","-84.61152",Kentucky,Pulaski,,,,0.04263425,7.020661,
"21213","36.708607","-86.566284",Kentucky,Simpson,,,,0.043371,,
"21221","36.7841","-87.8499",Kentucky,Trigg,,,,0.04465275,,
"21227","37.04926","-86.21486999999999",Kentucky,Warren,,,,0.0431055,8.1910057368421,
"21229","37.7046","-85.0485",Kentucky,Washington,,,,0.046144,,
"22005","30.229653","-90.965628",Louisiana,Ascension,,,"10.3471855",0.03837175,,
"22015","32.536273","-93.74893999999999",Louisiana,Bossier,,,,0.037069,,"0.5416074"
"22017","32.68336","-93.861582",Louisiana,Caddo,,,,0.0413985,10.7564705,
"22019","30.140265","-93.368448",Louisiana,Calcasieu,,,"11.700704",0.038008,6.790435,"0.7553854"
"22033","30.419805","-91.18201599999999",Louisiana,East Baton Rouge,"0.188456","0.0024419999999999997","9.22917575",0.0372339166666667,8.79714846153846,"0.6452909"
"22047","30.219101","-91.062552",Louisiana,Iberville,,,"5.085877",0.039033875,8.478689,
"22051","30.041238","-90.272826",Louisiana,Jefferson,,,"10.091763499999999",0.04086175,7.431981,
"22055","30.22611","-92.042908",Louisiana,Lafayette,,,,0.0392415,7.953719,
"22057","29.764097999999997","-90.765275",Louisiana,Lafourche,,,,0.037788,,
"22063","30.315406","-90.81138299999999",Louisiana,Livingston,,,"3.6985474999999997",0.03962725,,
"22071","29.993519","-90.10154999999999",Louisiana,Orleans,"0.27372799999999997","0.0008","15.156043",,7.847934,
"22073","32.509959","-92.046196",Louisiana,Ouachita,,,,0.03982625,7.25,
"22077","30.681718","-91.366247",Louisiana,Pointe Coupee,,,,0.03804275,,
"22079","31.177823999999998","-92.41074599999999",Louisiana,Rapides,,,,,7.52437,
"22087","29.939614","-89.92388299999999",Louisiana,St. Bernard,,,,0.03983825,7.783607,"1.7793363999999996"
"22089","29.997695999999998","-90.41109499999999",Louisiana,St. Charles,,,,,,"3.1163302"
"22093","29.99497","-90.817415",Louisiana,St. James,,,,0.0330755,,"0.384975"
"22095","30.057515","-90.619286",Louisiana,St. John the Baptist,,,,0.03764875,,
"22099","30.088872","-91.86959499999999",Louisiana,St. Martin,,,,0.038326,,
"22103","30.429381","-90.19967799999999",Louisiana,St. Tammany,,,,0.0384415,,
"22105","30.503287","-90.377212",Louisiana,Tangipahoa,,,,,7.358423,
"22109","29.679301","-90.779731",Louisiana,Terrebonne,,,,,7.475833,
"22121","30.500642","-91.213556",Louisiana,West Baton Rouge,,,"14.6605375",0.03636475,8.957429,"1.2128126999999997"
"23001","44.089406","-70.214219",Maine,Androscoggin,,,,0.03641525,5.133881,
"23003","47.355332","-68.321106",Maine,Aroostook,"0.15163","0.000415","3.6564014999999994",0.031926125,5.07346484375,"0.09402775"
"23005","43.677994","-70.25617799999999",Maine,Cumberland,"0.19217800000000002","0.0007329999999999999","11.957561",0.037778125,6.72570405882353,"0.1197924"
"23009","44.351697","-68.22698",Maine,Hancock,"0.127369","0.00046",,0.040019125,3.31698833333333,"0.05740579999999999"
"23011","44.3179","-69.7919",Maine,Kennebec,,,"4.9275424999999995",0.03794275,5.0752565,"0.23397040000000002"
"23013","43.917955","-69.26059",Maine,Knox,,,,0.038737,,
"23017","44.551418999999996","-70.546319",Maine,Oxford,,,,0.036631,4.56923033333333,
"23019","44.79886","-68.76967499999999",Maine,Penobscot,,"0.000627",,0.03805725,4.29270755555555,
"23029","44.531907","-67.59586999999999",Maine,Washington,,"0.000314",,0.036241875,,
"23031","43.656763999999995","-70.629138",Maine,York,,,,0.0380289166666667,,
"24001","39.4864","-79.0638",Maryland,Allegany,,,,,,"2.6220268"
"24003","39.169533","-76.627933",Maryland,Anne Arundel,,,,0.05140975,,"1.5790602"
"24005","39.371679","-76.746814",Maryland,Baltimore,"0.26099","0.0028209999999999997","17.37445775",0.0483205,7.94738823076923,"0.8381033999999999"
"24009","38.536722","-76.617194",Maryland,Calvert,,,,0.0432525,,
"24013","39.444294","-77.04225199999999",Maryland,Carroll,,,,0.046776,,
"24015","39.701443999999995","-75.860051",Maryland,Cecil,,,,0.04662725,6.4090926,
"24017","38.508547","-76.811864",Maryland,Charles,,,,0.04328125,,
"24019","38.587525","-76.14100599999999",Maryland,Dorchester,,,,0.047622125,5.945694,"0.2569366"
"24021","39.42276","-77.37519",Maryland,Frederick,,,,0.04753425,,
"24023","39.70595","-79.012",Maryland,Garrett,"0.1194775","0.000983","3.1015339999999996",0.0419465,5.582022,"0.39371680000000003"
"24025","39.410191","-76.29694599999999",Maryland,Harford,,,,0.0488775,7.0369578,
"24027","39.14313","-76.84611",Maryland,Howard,"0.26932049999999996",,"20.5873695",,7.454248,
"24029","39.305020999999996","-75.79731699999999",Maryland,Kent,,,,0.04739375,5.9591714,
"24031","39.114312999999996","-77.106876",Maryland,Montgomery,,,,0.0452425,6.0943194,
"24033","39.055277","-76.878333",Maryland,Prince George's,"0.16105599999999998","0.00213","11.889958499999999",0.0457264166666667,6.95717084615385,"0.173743"
"24043","39.564178","-77.720244",Maryland,Washington,,,,0.0443355,6.9589828,
"24510","39.297733","-76.604603",Maryland,Baltimore (City),,,"17.770356",0.046917,8.40176555555556,
"25001","41.975804","-70.02359799999999",Massachusetts,Barnstable,,"0.00049",,0.042288,,
"25003","42.452299","-73.239648",Massachusetts,Berkshire,,,,0.041607,5.89468472222222,
"25005","41.685707","-71.169235",Massachusetts,Bristol,,,,0.043961625,6.717206,"0.5469896000000001"
"25007","41.330469","-70.785225",Massachusetts,Dukes,,"0.000474",,0.04612125,,
"25009","42.474641999999996","-70.970816",Massachusetts,Essex,,,"8.96440025",0.041302375,5.66339057142857,
"25011","42.605816","-72.596689",Massachusetts,Franklin,,,,0.0405705,6.08816922222222,
"25013","42.194379999999995","-72.555112",Massachusetts,Hampden,"0.3275145","0.0015229999999999998","11.837212000000001",0.04306,5.60683363636364,"0.353425"
"25015","42.298493","-72.334079",Massachusetts,Hampshire,,,"3.0264045",0.042714,5.521368,"0.1368538"
"25017","42.62668","-71.362068",Massachusetts,Middlesex,,,"15.8826655",0.03930475,6.9516958,
"25021","42.211774","-71.11397",Massachusetts,Norfolk,,,"6.0155545",0.04205075,,
"25023","42.065106","-71.012129",Massachusetts,Plymouth,,,,0.04296175,5.90511,
"25025","42.348873","-71.097163",Massachusetts,Suffolk,"0.18183875","0.001627","18.419349666666665",0.03500225,6.38143929629629,"0.3543411"
"25027","42.274319","-71.875511",Massachusetts,Worcester,"0.2659855",,"15.923589999999999",0.041238625,6.84378044444444,"0.38742139999999997"
"26005","42.767786","-86.148577",Michigan,Allegan,,,,0.04283775,7.042056,
"26017","43.571391","-83.890721",Michigan,Bay,,,,,6.785,
"26019","44.616943","-86.109408",Michigan,Benzie,,,,0.0385555,,
"26021","42.19779","-86.309694",Michigan,Berrien,,,,0.04287525,,
"26027","41.89557","-86.001629",Michigan,Cass,,,,0.04359425,,
"26033","46.493632999999996","-84.364207",Michigan,Chippewa,,,,,8.161571,
"26037","42.798339","-84.393795",Michigan,Clinton,,,,0.03889075,,
"26049","43.047224","-83.670159",Michigan,Genesee,,,,0.040357,7.08857855555556,
"26063","43.836388","-82.6429",Michigan,Huron,,,,0.0389255,,
"26065","42.761387","-84.56277899999999",Michigan,Ingham,,,"10.961613999999999",0.03824175,7.122857,"0.9246028000000001"
"26067","43.10172","-85.22327",Michigan,Ionia,,,,,,
"26077","42.278067","-85.54189",Michigan,Kalamazoo,,,,0.0417925,7.1208285,
"26081","42.984173","-85.67133899999999",Michigan,Kent,"0.4159325","0.00309",,0.03809075,7.6659175,"0.46950519999999996"
"26083","47.916700000000006","-89.150075",Michigan,Keweenaw,,"0.000288",,,,
"26091","41.995568","-83.946559",Michigan,Lenawee,,,,0.04219925,8.4505512,
"26099","42.731393999999995","-82.793463",Michigan,Macomb,,,,0.041150625,7.3,
"26101","44.307","-86.242649",Michigan,Manistee,,,,0.03920675,4.981633,
"26105","43.953334","-86.294415",Michigan,Mason,,,,0.0376205,,
"26111","43.578916","-84.18943",Michigan,Midland,,,,,,
"26113","44.310555","-84.891865",Michigan,Missaukee,,,"1.6232355",0.0388295,5.7907582,
"26115","41.923581999999996","-83.34573",Michigan,Monroe,,,,,,"0.8095277999999999"
"26121","43.278061","-86.311083",Michigan,Muskegon,,,,0.04132925,,
"26125","42.463063","-83.183199",Michigan,Oakland,,,,0.04266,7.757759,
"26139","42.894451","-85.852734",Michigan,Ottawa,,,"8.960643999999998",0.04248875,8.263793,"0.7526925999999999"
"26147","42.953336","-82.456229",Michigan,St. Clair,,,,0.0425795,7.623077,"2.708483823529412"
"26153","46.288877","-85.950227",Michigan,Schoolcraft,,"0.000424",,0.03814275,4.2092262,
"26157","43.613800000000005","-83.3591",Michigan,Tuscola,,,,0.04047975,,
"26161","42.240565","-83.59960199999999",Michigan,Washtenaw,,,,0.04128075,8.15700476923077,
"26163","42.22862","-83.2082",Michigan,Wayne,"0.3749167222222222","0.004908333333333334","19.211941833333334",0.039656,10.0592807954545,"1.8199984782608691"
"26165","44.18089","-85.738985",Michigan,Wexford,,,,0.04053425,,
"27003","45.40184","-93.20306",Minnesota,Anoka,"0.2437605","0.005899","11.517105999999998",0.035995375,6.70932955555555,"0.383299"
"27005","46.851811","-95.846272",Minnesota,Becker,,,,0.03678125,5.1627644,
"27007","47.878159","-95.029172",Minnesota,Beltrami,,,,,5.9897658,
"27017","46.713694","-92.51172199999999",Minnesota,Carlton,,,,0.0356715,3.1491832,
"27021","47.384429999999995","-94.60166",Minnesota,Cass,,,,,4.162755,
"27031","47.972085","-89.69098",Minnesota,Cook,,,,,4.4007408,
"27035","46.39674","-94.1303",Minnesota,Crow Wing,,,,0.037492,4.3262088,
"27037","44.76323","-93.03255",Minnesota,Dakota,"0.2521166666666667",,"10.4697515",,7.07214978571429,"0.7802455714285715"
"27049","44.473754","-93.01261099999999",Minnesota,Goodhue,,,,0.04060875,,
"27053","45.012102","-93.276699",Minnesota,Hennepin,"0.41821225","0.002655","19.1333335",0.0352425,7.53568368181818,"1.2744617999999999"
"27075","47.948622","-91.49557399999999",Minnesota,Lake,,"0.000231",,0.0369805,4.243399,
"27083","44.4438","-95.81788999999999",Minnesota,Lyon,,,,0.03860675,5.916096,
"27095","46.2053","-93.75945",Minnesota,Mille Lacs,,,,0.03688375,,
"27109","43.996908","-92.450366",Minnesota,Olmsted,,,,0.03887125,7.33483111111111,
"27123","44.9558","-93.14585",Minnesota,Ramsey,"0.320837",,,,7.45608404545454,
"27137","46.75154","-92.14126999999999",Minnesota,Saint Louis,,"0.00017999999999999998",,0.0348065,5.05468111111111,
"27139","44.791436999999995","-93.512534",Minnesota,Scott,,,,0.03918625,6.8292318,
"27145","45.549839","-94.13345",Minnesota,Stearns,,,,0.03791675,5.5236092,
"27163","44.84737","-92.9954",Minnesota,Washington,,,,0.035219,9.73939407142857,"1.367118"
"27169","43.937298999999996","-91.40534799999999",Minnesota,Winona,,"0.000789",,,,
"27171","45.20916","-93.66920999999999",Minnesota,Wright,,,,0.03989775,5.5196746,
"28011","33.750838","-90.734175",Mississippi,Bolivar,,,,0.04349,9.067891,
"28033","34.82166","-89.98783",Mississippi,DeSoto,,,,0.042316,8.2411348,
"28035","31.323639","-89.287167",Mississippi,Forrest,,,,,8.84165155555555,
"28045","30.300832999999997","-89.395916",Mississippi,Hancock,,,,0.0413265,7.5644192,
"28047","30.390369","-89.04977799999999",Mississippi,Harrison,,,,0.0422985,9.226699,
"28049","32.329111","-90.182722",Mississippi,Hinds,"0.13747199999999998","0.002773","11.710231499999999",0.039435375,9.21216721428572,"0.52245475"
"28059","30.378287","-88.53393",Mississippi,Jackson,,,"7.1368615",0.04182575,8.639099,"1.1038595000000002"
"28075","32.364565","-88.73149099999999",Mississippi,Lauderdale,,,,0.03951475,,
"28081","34.264917","-88.766222",Mississippi,Lee,,,,0.04233475,,
"28161","34.002747","-89.799183",Mississippi,Yalobusha,,,,0.03861825,,
"29003","39.9544","-94.849",Missouri,Andrew,,,,0.043393,,
"29019","39.07803","-92.31631999999999",Missouri,Boone,,,,0.040957875,,
"29021","39.741693999999995","-94.858584",Missouri,Buchanan,,,,,8.3965003,
"29027","38.70608","-92.09308",Missouri,Callaway,,,,0.0419345,,
"29037","38.759609999999995","-94.57983",Missouri,Cass,,,,0.043724,6.2762152,
"29039","37.70097","-94.03474",Missouri,Cedar,,,,0.04172325,7.5338152,
"29047","39.407452","-94.265373",Missouri,Clay,,,,0.044727125,6.1735694,
"29049","39.530629999999995","-94.55593999999999",Missouri,Clinton,,,,0.045085,,
"29071","38.572522","-90.796911",Missouri,Franklin,,,,,,"0.9957786249999998"
"29077","37.256136999999995","-93.299894",Missouri,Greene,,,,0.0428316875,7.1992242,
"29087","40.027221999999995","-95.235833",Missouri,Holt,,,,,,
"29093","37.624064","-91.128396",Missouri,Iron,,,,,,"2.497969375"
"29095","39.132016","-94.53151799999999",Missouri,Jackson,"0.27101699999999995",,"16.025167",,7.99403666666667,"1.3542275"
"29097","37.198285999999996","-94.317246",Missouri,Jasper,,,,0.043655,,
"29099","38.267085","-90.37885299999999",Missouri,Jefferson,,"0.002714",,0.04409725,6.5896724,"0.9039155833333335"
"29113","39.04577","-90.84926999999999",Missouri,Lincoln,,,,0.043250125,,
"29137","39.474976","-91.788991",Missouri,Monroe,,,"2.6504535000000002",0.040893,,"1.07797525"
"29143","36.513639999999995","-89.56093",Missouri,New Madrid,,,,,,"28.984010916666673"
"29157","37.702639999999995","-89.69864",Missouri,Perry,,,,0.04367275,,
"29179","37.468956","-91.088595",Missouri,Reynolds,,,,,,
"29183","38.872546","-90.22648799999999",Missouri,Saint Charles,,,,0.044443625,,"1.0484213749999998"
"29186","37.900839999999995","-90.42388",Missouri,Sainte Genevieve,,,,0.042208125,,
"29187","37.814191","-90.507487",Missouri,Saint Francois,,,,,,
"29189","38.49015","-90.70509",Missouri,Saint Louis,,,"14.751862",0.0435928125,8.87249455555555,"1.77993075"
"29207","36.970051999999995","-90.1401",Missouri,Stoddard,,"0.001521",,,,
"29213","36.613879","-92.92228",Missouri,Taney,,"0.000717",,,,
"29510","38.542550999999996","-90.263711",Missouri,St. Louis City,"0.262706","0.0039629999999999995","16.27796275",0.038840625,9.303531225,"0.88747375"
"30013","47.494318","-111.30331699999999",Montana,Cascade,,,,,,
"30027","47.048536999999996","-109.455315",Montana,Fergus,,"0.000184","1.7126465",0.042985,3.7415686,
"30029","48.400407","-114.336962",Montana,Flathead,,"0.000234",,0.03839225,6.59666153333333,
"30031","44.657014","-111.089618",Montana,Gallatin,"0.206477",,"4.4909775000000005",,0.9180266,
"30047","47.773283","-114.269975",Montana,Lake,,"0.000103",,,,
"30049","46.850500000000004","-111.987164",Montana,Lewis and Clark,"0.1211865","0.0006385",,0.041764,5.29938891780822,"0.35267"
"30053","48.391545","-115.553309",Montana,Lincoln,,,,,11.5399949333333,
"30063","46.842181","-114.021499",Montana,Missoula,,,,,7.7832482,
"30071","48.317507","-107.862471",Montana,Phillips,,,"1.399755",0.04006325,4.01487086666667,
"30075","45.440295","-105.370283",Montana,Powder River,,,"1.810891",0.0438215,5.27488493333333,
"30077","47.122091","-113.155326",Montana,Powell,,"0.000173",,,,
"30081","46.243621","-114.158889",Montana,Ravalli,,"0.0001",,,4.6209286,
"30083","47.8679","-104.676944",Montana,Richland,,,"2.121114",0.04312825,4.48403,"0.619235"
"30085","48.30795","-105.102866",Montana,Roosevelt,,"0.000237",,,,
"30087","45.366150999999995","-106.48982",Montana,Rosebud,,"0.00022","1.189838",0.0421265,4.23625493333333,
"30089","47.594395","-115.323746",Montana,Sanders,,"0.000163",,,,
"30091","48.487054","-104.476346",Montana,Sheridan,,"0.00027499999999999996",,,,
"30093","46.002601999999996","-112.501247",Montana,Silver Bow,,"0.001648",,,5.84637905263158,
"30111","45.786578999999996","-108.45878",Montana,Yellowstone,,,,,5.91653173333333,"1.6405394999999998"
"31025","40.865556999999995","-96.14695499999999",Nebraska,Cass,,,,,,
"31055","41.247485999999995","-95.973142",Nebraska,Douglas,"0.278528","0.002193",,0.03720975,6.77077552941176,"0.7467715384615385"
"31079","40.942099","-98.364967",Nebraska,Hall,,,,,5.064948,
"31107","42.829153999999996","-97.854129",Nebraska,Knox,,,,0.0418725,,
"31109","40.984722999999995","-96.67751299999999",Nebraska,Lancaster,,,,0.0390255,6.4138445,"0.76713325"
"31153","41.133294","-95.956103",Nebraska,Sarpy,,,,,7.8450654,
"31157","41.876853","-103.656561",Nebraska,Scotts Bluff,,,,,4.835398,
"31171","41.888788999999996","-100.339141",Nebraska,Thomas,,"0.000216",,,,
"31177","41.551210999999995","-96.146175",Nebraska,Washington,,,,,6.512931,
"32001","39.472471","-118.783624",Nevada,Churchill,,,,0.044342,,
"32003","36.39103","-114.907429",Nevada,Clark,"0.3032565","0.0025689999999999997","21.835344428571428",0.048998875,6.28445806382979,"0.7031107499999999"
"32005","38.897557","-119.732507",Nevada,Douglas,,,,,3.8483276,
"32007","40.83835","-115.766029",Nevada,Elko,,"0.000113",,,,
"32019","39.602787","-119.24774099999999",Nevada,Lyon,,,,0.0416055,,
"32023","36.349408","-116.031976",Nevada,Nye,,,,,,
"32031","39.525082999999995","-119.807717",Nevada,Washoe,"0.28037775","0.002682","17.557748",0.0433798214285714,4.64450533333333,"0.18775239999999999"
"32033","39.00512","-114.21593",Nevada,White Pine,,"0.000204",,0.04850575,,
"32510","39.1447","-119.76610000000001",Nevada,Carson City,,,,0.0458625,4.22225488888889,
"33001","43.566122","-71.496335",New Hampshire,Belknap,,,,0.03750125,3.30578215384615,
"33005","42.930521","-72.27233199999999",New Hampshire,Cheshire,,,,0.03900925,5.42377144444445,
"33007","44.270092999999996","-71.303821",New Hampshire,Coos,,"0.000446",,0.039978125,,
"33009","43.629605","-72.309499",New Hampshire,Grafton,,,,0.035052125,4.8752848,
"33011","42.718652999999996","-71.52241599999999",New Hampshire,Hillsborough,"0.1370055","0.000483",,0.039999375,3.15991055555556,"0.5188976000000001"
"33013","43.132459999999995","-71.458246",New Hampshire,Merrimack,,,,0.038802,,"1.002705"
"33015","43.075371","-70.74801699999999",New Hampshire,Rockingham,"0.158987","0.0008139999999999999","4.2911455",0.0391430833333333,4.89121311111111,"1.0839148"
"34001","39.464872","-74.448736",New Jersey,Atlantic,,"0.000896",,0.042285,6.54855692307692,"0.08908999999999999"
"34003","40.852256","-73.973314",New Jersey,Bergen,"0.23920950000000002",,"24.0373575",0.043084,9.27379122222222,
"34007","39.934559","-75.125219",New Jersey,Camden,"0.2384345","0.00417","16.9264135",0.045565,8.95975,"0.6791558"
"34011","39.422273","-75.025204",New Jersey,Cumberland,,,"10.62639",0.04524875,7.81418,
"34013","40.720988999999996","-74.192892",New Jersey,Essex,"0.2964785","0.00282","23.794938000000002",0.03670175,8.47025133333333,"0.26645979999999997"
"34015","39.800339","-75.212119",New Jersey,Gloucester,,,,0.04235825,7.138983,
"34017","40.670249999999996","-74.126081",New Jersey,Hudson,"0.32269499999999995",,"25.66194725",0.04094125,8.18654882352941,"0.569062"
"34019","40.515262","-74.806671",New Jersey,Hunterdon,,,,0.044272,7.7964546,
"34021","40.283091999999996","-74.74261299999999",New Jersey,Mercer,,,,0.04499475,7.59987455555556,
"34023","40.462182","-74.429439",New Jersey,Middlesex,,"0.0023225","16.0534905",0.045219,7.39608522222222,
"34025","40.277646999999995","-74.0051",New Jersey,Monmouth,,,,0.04200475,,
"34027","40.787628","-74.676301",New Jersey,Morris,,"0.002","5.5304345",0.04353825,5.553097,"0.20699739999999997"
"34029","40.06483","-74.44404999999999",New Jersey,Ocean,,,,0.04546625,6.25942,
"34031","40.918381","-74.168092",New Jersey,Passaic,,,,0.04207275,7.673451,
"34039","40.662434999999995","-74.214854",New Jersey,Union,"0.3784435","0.001892","27.158504",,8.57842213636363,"0.5553802999999999"
"34041","40.92458","-75.067815",New Jersey,Warren,,,"17.607011",0.03727375,7.16581811111111,"0.502739"
"35001","35.1343","-106.5852",New Mexico,Bernalillo,"0.16924550000000002","0.0019549999999999997","15.590298",0.0481684166666667,6.16031403030303,"0.6209081999999999"
"35003","33.220501999999996","-108.235719",New Mexico,Catron,,"0.00027499999999999996",,,,
"35005","33.459914","-104.404711",New Mexico,Chaves,,"0.000407",,,,
"35013","31.930659","-106.631103",New Mexico,Dona Ana,,,"11.16400925",0.0484647,6.66512659259259,
"35015","32.178157","-104.443447",New Mexico,Eddy,,"0.000296","9.026602",0.050301,,
"35025","32.726656","-103.122917",New Mexico,Lea,,,"8.778585",0.04769425,7.5277392,
"35027","33.468809","-105.535444",New Mexico,Lincoln,,"0.00038",,,,
"35028","35.804193","-106.298639",New Mexico,Los Alamos,,"0.000175",,,,
"35029","32.2558","-107.7227",New Mexico,Luna,,,,,,
"35039","36.187742","-106.698369",New Mexico,Rio Arriba,,"0.000256",,0.04714175,,
"35043","35.299484","-106.548914",New Mexico,Sandoval,,,,0.04783275,,
"35045","36.742227","-107.977567",New Mexico,San Juan,,,"7.427452999999998",0.04696225,,"0.22698007142857143"
"35049","35.619749999999996","-106.07968",New Mexico,Santa Fe,,,,0.04913875,2.882555,
"35053","33.869593","-106.852584",New Mexico,Socorro,,"0.00027299999999999997",,,,
"35055","36.383359","-105.5839",New Mexico,Taos,,"5.4e-05",,,4.9578266,
"35061","34.8147","-106.73960000000001",New Mexico,Valencia,,,,0.047367,,
"36001","42.64225","-73.75464",New York,Albany,"0.19858399999999998","0.004471999999999999",,0.03930475,6.14165464705882,"0.2299934"
"36005","40.836059999999996","-73.92009",New York,Bronx,"0.27464350000000004","0.002436","21.4361575",0.041752,7.71168923076923,"0.6065696999999999"
"36013","42.499629999999996","-79.31881",New York,Chautauqua,,,,0.0437765,5.929565,"0.2187362"
"36027","41.78555","-73.74136",New York,Dutchess,,,,0.040419,,"0.2640014"
"36029","42.99328","-78.77153",New York,Erie,"0.23726224999999998","0.002679","14.960620250000002",0.04225875,6.5706975,"0.5220768"
"36031","44.36608","-73.90312",New York,Essex,,"0.001537",,0.04075675,2.846,"0.1562122"
"36033","44.434259999999995","-74.24593",New York,Franklin,,,,,,"0.20287799999999998"
"36041","43.44957","-74.51625",New York,Hamilton,,,,0.039248,,"0.061267800000000004"
"36043","43.68578","-74.98537999999999",New York,Herkimer,,,,0.032878,,"0.33682799999999996"
"36045","44.087469999999996","-75.97316",New York,Jefferson,,,,0.038868,,
"36047","40.641819999999996","-74.01871",New York,Kings,,,,,7.592373,
"36055","43.145013","-77.55727999999999",New York,Monroe,"0.23525325","0.0031669999999999997","11.284407999999999",0.03695375,6.40737438461538,"0.21996559999999996"
"36059","40.743159999999996","-73.58549",New York,Nassau,,,,,,"0.36304839999999994"
"36061","40.7997","-73.93432",New York,New York,"0.273449","0.002712",,0.04085725,7.85869975,
"36063","43.223859999999995","-78.47887999999999",New York,Niagara,,,,0.0408955,,
"36065","43.09892","-75.22506",New York,Oneida,,,,,,
"36067","43.05235","-76.05921",New York,Onondaga,,,,0.04142925,5.90645877777778,"0.1423336"
"36071","41.499159999999996","-74.00885",New York,Orange,,,,0.0390275,5.826271,
"36075","43.284279999999995","-76.46324",New York,Oswego,,,,0.03888725,,
"36079","41.45589","-73.70976999999999",New York,Putnam,,,,0.04094975,,"0.15714820000000002"
"36081","40.72698","-73.89313",New York,Queens,"0.288275","0.0024579999999999997","22.44429225",0.038976,6.71849007692308,"0.4927078"
"36085","40.63307","-74.13718999999999",New York,Richmond,,,,0.04221575,7.566379,
"36087","41.18208","-74.02819",New York,Rockland,,,,0.042832,,
"36089","44.955467999999996","-74.90780000000001",New York,St. Lawrence,,,,,,"4.496353699999999"
"36091","43.01209","-73.6489",New York,Saratoga,,,,0.03831925,,
"36099","42.574106","-76.7026",New York,Seneca,,,,,,"0.3266608"
"36101","42.09142","-77.20978",New York,Steuben,"0.1686895","0.001925",,0.0374035,5.34942477777778,"0.103303"
"36103","40.74529","-73.41919",New York,Suffolk,,,"6.1799735",0.0451435625,6.408036,"0.13977399999999998"
"36109","42.613199","-76.6152",New York,Tompkins,,,,0.04050675,,"0.800275"
"36117","43.23086","-77.17135999999999",New York,Wayne,,,,0.0404565,,
"36119","41.051919999999996","-73.76366",New York,Westchester,,,,0.0432645,,
"37003","35.9138","-81.191",North Carolina,Alexander,,,,0.04548075,,
"37011","35.972347","-81.933072",North Carolina,Avery,,"0.000667",,0.043613,,
"37013","35.428000000000004","-76.74",North Carolina,Beaufort,,,,,,"0.28418800000000005"
"37019","33.942222","-78.019167",North Carolina,Brunswick,,,,,,"2.7717094999999996"
"37021","35.500102","-82.59985999999999",North Carolina,Buncombe,,,,0.0439135,5.99922277777778,"0.29612574999999997"
"37027","35.935900000000004","-81.5306",North Carolina,Caldwell,,,,0.045201,,"0.072757"
"37031","34.8848","-76.6203",North Carolina,Carteret,,,,0.0436785,,
"37033","36.307033","-79.467417",North Carolina,Caswell,,,,0.04255075,,
"37035","35.728888999999995","-81.365556",North Carolina,Catawba,,,,,7.37774442857143,
"37051","35.158685999999996","-78.72803499999999",North Carolina,Cumberland,,,,0.046005375,7.51140788888889,"0.226966"
"37057","35.8145","-80.26270000000001",North Carolina,Davidson,,,,,8.36496933333333,
"37063","36.032955","-78.904037",North Carolina,Durham,,,,0.04553625,7.612448,"0.1880778333333333"
"37065","35.988278","-77.5843",North Carolina,Edgecombe,,,,0.04389175,,
"37067","36.110693","-80.226438",North Carolina,Forsyth,,"0.002587","10.8135035",0.0470488333333333,8.11320216666667,"0.3830368"
"37075","35.2578","-83.7955",North Carolina,Graham,,,,0.04734875,,
"37077","36.141110999999995","-78.768056",North Carolina,Granville,,,,0.04726475,,
"37081","36.109006","-79.802314",North Carolina,Guilford,,,,0.04866625,6.8515658,
"37087","35.507224","-82.963625",North Carolina,Haywood,,"0.00031299999999999996",,0.0463793333333333,,"1.8219189999999998"
"37095","35.45109","-76.207165",North Carolina,Hyde,,"0.0008039999999999999",,,,
"37099","35.466767","-83.277928",North Carolina,Jackson,,,,,6.461121,
"37101","35.59095","-78.46220000000001",North Carolina,Johnston,,,,0.04521625,8.0954346,
"37107","35.231459","-77.568792",North Carolina,Lenoir,,,,0.0456825,,
"37109","35.438556","-81.27674999999999",North Carolina,Lincoln,,,,0.04831875,,
"37113","35.0608","-83.4306",North Carolina,Macon,,,,0.0387345,,
"37117","35.81066","-76.906249",North Carolina,Martin,,,,0.04643775,,"0.115203"
"37119","35.2401","-80.78568299999999",North Carolina,Mecklenburg,"0.29164999999999996","0.002706","13.6382135",0.046235,8.54404373913043,"0.2915622"
"37121","35.912487","-82.06208199999999",North Carolina,Mitchell,,,,,5.5514402,
"37123","35.263165","-79.836636",North Carolina,Montgomery,,,,0.043495,7.8830918,
"37129","34.364167","-77.838611",North Carolina,New Hanover,,,,0.04383275,3.8463678,
"37131","36.511708","-77.655389",North Carolina,Northampton,,,"3.2587469999999996",,8.0041926,
"37145","36.306965","-79.09197",North Carolina,Person,,,,0.047495,,"1.7278444999999998"
"37147","35.641276","-77.360126",North Carolina,Pitt,,,,0.045384,6.60185255555556,
"37157","36.308889","-79.859167",North Carolina,Rockingham,,,,0.0472235,,
"37159","35.551868","-80.395039",North Carolina,Rowan,,,,0.049036,8.9762544,
"37173","35.434767","-83.442133",North Carolina,Swain,,,,0.040504,7.1704752,
"37179","34.974039","-80.540622",North Carolina,Union,,,,0.04843625,,
"37183","35.856111","-78.574167",North Carolina,Wake,"0.28133325","0.00325","11.275631249999998",0.042815,8.75156742857143,"0.12805083333333334"
"37199","35.765412999999995","-82.264944",North Carolina,Yancey,,,,0.0483885,,
"38007","46.8943","-103.37853",North Dakota,Billings,,"0.000213",,0.0413505,3.4409472,"1.549277"
"38013","48.641929999999995","-102.40180000000001",North Dakota,Burke,,"0.000377","3.2240995000000003",0.040581,3.4575256,"1.6505497500000001"
"38015","46.825424999999996","-100.76821",North Dakota,Burleigh,"0.162088","0.001752","8.2099425",0.038359,5.33011177777778,"0.7649717500000001"
"38017","46.933754","-96.85535",North Dakota,Cass,,,"7.8100325",0.03544225,6.4477226,"0.847526"
"38025","47.342423","-102.645864",North Dakota,Dunn,,,"4.030557",0.041818,4.1396782,"0.8297530000000001"
"38053","47.5812","-103.29950000000001",North Dakota,McKenzie,,,"2.737867",0.04227525,3.5784608,"0.8210695"
"38057","47.298611","-101.766944",North Dakota,Mercer,,,"3.8881222499999994",0.04023475,4.81398173333333,"1.69943225"
"38065","47.185832999999995","-101.428056",North Dakota,Oliver,,,"3.4524809999999997",0.04246225,4.5601798,"1.35724175"
"38101","47.940861","-101.571583",North Dakota,Ward,,,"3.7471654999999995",0.0392495,4.5044288,"0.9940322500000001"
"38105","48.15278","-103.63951",North Dakota,Williams,,,,0.0409455,4.0378952,"2.335172"
"39001","38.794709999999995","-83.53398",Ohio,Adams,,,,,,"0.18154275"
"39003","40.770944","-84.0539",Ohio,Allen,,,,0.04476125,7.69438746153846,"0.07651424999999999"
"39007","41.959694999999996","-80.572808",Ohio,Ashtabula,,,,0.0435655,,"0.9385187500000001"
"39009","39.442164999999996","-81.908827",Ohio,Athens,,,,,6.396763,
"39013","39.9679","-80.74640000000001",Ohio,Belmont,"0.14859250000000002",,"10.622983",,8.658065,"0.24051224999999998"
"39017","39.490719999999996","-84.36373999999999",Ohio,Butler,,,,0.0474475833333333,10.0946658703704,"2.392547833333334"
"39023","40.00103","-83.80456",Ohio,Clark,,,,0.045470875,8.98648223076923,"0.16282875000000002"
"39025","39.0828","-84.14410000000001",Ohio,Clermont,,,,0.0486655,,
"39027","39.430037999999996","-83.788502",Ohio,Clinton,,,,0.04668825,,
"39029","40.631544999999996","-80.547181",Ohio,Columbiana,,,,,,"0.44399375"
"39035","41.55523","-81.575256",Ohio,Cuyahoga,"0.251838","0.004784399999999999","13.869981249999999",0.0424635625,8.95264393478261,"1.2256860500000002"
"39041","40.356694","-83.063971",Ohio,Delaware,,,,0.04464125,,
"39047","39.6359","-83.26050000000001",Ohio,Fayette,,,,0.04514975,,
"39049","40.060123999999995","-82.976857",Ohio,Franklin,"0.15213624999999997",,"14.56690575",0.045530125,9.11487171428571,"0.11004599999999998"
"39051","41.57588","-83.9959",Ohio,Fulton,,,,,,
"39053","38.950232","-82.121988",Ohio,Gallia,,,,,,"2.1089345833333333"
"39055","41.515051","-81.249906",Ohio,Geauga,,,,0.0466125,,
"39057","39.665749999999996","-83.94268",Ohio,Greene,,,,0.045249,,
"39061","39.2787","-84.36625",Ohio,Hamilton,"0.28563975","0.004757","18.004354666666668",0.0458599166666667,9.43382669230769,"1.4565562499999998"
"39067","40.332933","-80.93340099999999",Ohio,Harrison,"0.15603250000000002",,,,7.575439,
"39081","40.26157","-80.6335",Ohio,Jefferson,,"0.00564",,0.042665,8.8733735,"0.9991011666666667"
"39083","40.27886","-82.679563",Ohio,Knox,,,,0.045722,,
"39085","41.673006","-81.422455",Ohio,Lake,"0.12953599999999998",,,0.044559,6.518333,"1.07009475"
"39087","38.62901","-82.45886",Ohio,Lawrence,,,,0.043670125,6.764348,"0.11240975"
"39089","40.026036999999995","-82.432996",Ohio,Licking,,,,0.043719875,,
"39093","41.420882","-82.09572899999999",Ohio,Lorain,,"0.003143",,0.04106975,7.10837176923077,
"39095","41.66343","-83.47583",Ohio,Lucas,,,,0.0431745833333333,8.23506333333333,"0.6481582499999999"
"39097","39.78819","-83.47605999999999",Ohio,Madison,,,,0.0463495,,
"39099","41.111111","-80.64527799999999",Ohio,Mahoning,,,,0.04388025,8.09565633333333,"0.6050829999999999"
"39101","40.57158","-83.135648",Ohio,Marion,,,,,,
"39103","41.0604","-81.9239",Ohio,Medina,,,,0.03962025,7.84770666666667,
"39109","40.08502","-84.11380799999999",Ohio,Miami,,,,0.04394475,,
"39113","39.757909999999995","-84.191993",Ohio,Montgomery,"0.2879805","0.0031669999999999997",,0.0461,8.95586688888889,
"39115","39.63223","-81.67005",Ohio,Morgan,,,,,,"0.8837562499999999"
"39121","39.940028999999996","-81.3387",Ohio,Noble,,"0.001367",,0.04509325,,
"39123","41.479182","-83.22042499999999",Ohio,Ottawa,,,,,,
"39133","41.1644","-81.2352",Ohio,Portage,,,,0.040878,7.515238,
"39135","39.83562","-84.720524",Ohio,Preble,"0.14766049999999997","0.002144",,0.040542,8.131024,"0.5059255"
"39145","38.754599","-82.91700999999999",Ohio,Scioto,,,,,6.753571,"1.4207671249999998"
"39151","40.82812","-81.3785",Ohio,Stark,"0.27347899999999997","0.005411",,0.0461554166666667,9.12262829411765,
"39153","41.063525999999996","-81.46895599999999",Ohio,Summit,,"0.004566",,0.04487325,8.32968411764706,"0.183672"
"39155","41.20222","-80.81058399999999",Ohio,Trumbull,,,,0.043880625,7.77936953846154,
"39165","39.42689","-84.20076999999999",Ohio,Warren,,,,0.04838225,,
"39167","39.432117","-81.460443",Ohio,Washington,,,,0.04516675,,
"39173","41.377685","-83.611104",Ohio,Wood,,,,0.0419975,,
"40001","35.750735","-94.669697",Oklahoma,Adair,"0.16938949999999997","0.0008039999999999999",,0.03899425,,"0.5152186000000001"
"40017","35.479214999999996","-97.751503",Oklahoma,Canadian,,,,0.04508775,,
"40019","34.244189","-97.462931",Oklahoma,Carter,,,,0.045909,7.7245782,
"40023","34.153","-95.32130000000001",Oklahoma,Choctaw,,,,0.0412165,,
"40027","35.320105","-97.484099",Oklahoma,Cleveland,,,,0.04525825,10.0105934,
"40031","34.632979999999996","-98.42878999999999",Oklahoma,Comanche,,"0.000574",,0.0454135,8.2024278,
"40037","36.105481","-96.36119599999999",Oklahoma,Creek,,,,0.0431205,,
"40039","35.56028","-98.68348999999999",Oklahoma,Custer,,,,,,
"40043","36.158414","-98.931973",Oklahoma,Dewey,,,,0.04462125,7.9382338,
"40047","36.512363","-97.845959",Oklahoma,Garfield,,,,,,"0.8469317999999999"
"40069","34.214818","-96.676936",Oklahoma,Johnston,,,,0.043142,,
"40071","36.697185999999995","-97.08135",Oklahoma,Kay,,,,0.04086325,7.9156628,"1.345409"
"40079","35.186278","-94.786643",Oklahoma,Le Flore,,,,,7.251351,
"40097","36.228992999999996","-95.269196",Oklahoma,Mayes,,,,0.0396565,,"1.2608806000000001"
"40101","35.793133999999995","-95.302235",Oklahoma,Muskogee,,,,,,"0.16762099999999996"
"40105","36.91841","-95.632286",Oklahoma,Nowata,,,,0.043206,8.3504352,
"40109","35.472919999999995","-97.52709",Oklahoma,Oklahoma,"0.28108175","0.002304","12.80621",0.04598575,8.35727644444444,"0.0068958000000000005"
"40113","36.35586","-96.01243",Oklahoma,Osage,,,,0.0449655,,
"40115","36.922222","-94.838889",Oklahoma,Ottawa,,,,0.040179,8.32155433333333,
"40121","34.885608","-95.78441",Oklahoma,Pittsburg,,,,0.04379375,7.69839888888889,
"40135","35.408139999999996","-94.524413",Oklahoma,Sequoyah,,,"7.983027",0.039334,8.124793,
"40143","35.953708","-96.004975",Oklahoma,Tulsa,"0.225798","0.002153","11.692678999999998",0.0423840833333333,8.00281427777778,"0.25965885"
"41001","44.788219999999995","-117.8446",Oregon,Baker,,,,,,
"41003","44.5884","-123.2673",Oregon,Benton,,,,,,
"41005","45.25928","-122.588151",Oregon,Clackamas,,"0.000135",,0.03866225,,
"41009","45.768530999999996","-122.77210000000001",Oregon,Columbia,,,,0.03279925,,
"41011","43.381944","-124.263889",Oregon,Coos,,,,,,
"41013","44.299786999999995","-120.844773",Oregon,Crook,,,,,7.631897,
"41017","44.292100000000005","-121.55550000000001",Oregon,Deschutes,,,,,,
"41019","43.226600000000005","-123.36479",Oregon,Douglas,,,,,,
"41023","44.418","-118.9513",Oregon,Grant,,,,,,
"41025","43.58925","-119.04872",Oregon,Harney,,,,,8.57398611111111,
"41029","42.623225","-122.810158",Oregon,Jackson,,,,0.04370525,8.743697,
"41031","44.63062","-121.13165000000001",Oregon,Jefferson,,,,,,
"41033","42.104278","-123.681083",Oregon,Josephine,,"0.000176",,,9.546667,
"41035","42.190296","-121.731369",Oregon,Klamath,,"5.9e-05",,,9.45517733333334,
"41037","42.189215","-120.353969",Oregon,Lake,,,,,6.632231,
"41039","44.067223999999996","-123.141352",Oregon,Lane,,"0.000128",,0.034203375,7.6870664,
"41043","44.61569","-123.09145699999999",Oregon,Linn,,,,,,
"41047","44.810289999999995","-122.915085",Oregon,Marion,,,,0.03581275,,
"41051","45.496641","-122.602877",Oregon,Multnomah,"0.1803235","0.003245","11.511585",0.031287,6.486777,"0.4587785555555555"
"41059","45.652231","-118.823033",Oregon,Umatilla,,,,0.043189,,
"41061","45.224748","-118.51396199999999",Oregon,Union,,"0.000154",,,,
"41063","45.426351","-117.296066",Oregon,Wallowa,,"0.000261",,,,
"41065","45.602419","-121.20338699999999",Oregon,Wasco,,,,,,
"41067","45.528501","-122.972398",Oregon,Washington,"0.252386",,"14.4729265",0.0300215,6.79891833333333,
"42001","39.92002","-77.30968",Pennsylvania,Adams,"0.110093","0.002214","2.6944150000000002",0.0457775,9.0724124,"0.1569916"
"42003","40.499767","-80.071337",Pennsylvania,Allegheny,"0.3337851666666667","0.007508333333333333","12.188460749999999",0.0428094166666667,9.99463988333333,"2.34678384"
"42005","40.814183","-79.56474999999999",Pennsylvania,Armstrong,,,,0.04270725,7.7038424,
"42007","40.56252","-80.503948",Pennsylvania,Beaver,,,"12.611516",0.0454225833333333,9.50535855555555,"0.6183832"
"42011","40.51408","-75.789721",Pennsylvania,Berks,,,,0.042694125,8.64891911111111,"0.0453702"
"42013","40.535278","-78.37083299999999",Pennsylvania,Blair,,,,0.04342975,9.3665208,"0.9755192000000001"
"42015","41.705225999999996","-76.512726",Pennsylvania,Bradford,,,"4.231257",0.04004275,7.3367482,
"42017","40.107222","-74.882222",Pennsylvania,Bucks,,,,0.0456135,,
"42021","40.309722","-78.915",Pennsylvania,Cambria,"0.0875305","0.005019","10.335751",0.04008375,9.12219825,"0.6637584"
"42025","40.814204","-75.58044799999999",Pennsylvania,Carbon,,,,,,
"42027","40.811389","-77.877028",Pennsylvania,Centre,,,"6.409040500000001",0.04256325,9.8291564,"0.102419"
"42029","39.834461","-75.768242",Pennsylvania,Chester,,"0.003185",,0.047236,8.73866066666667,
"42033","41.1175","-78.52619399999999",Pennsylvania,Clearfield,,,,0.03968725,,
"42041","40.246528","-77.18675",Pennsylvania,Cumberland,,,,,9.73400833333333,
"42043","40.246992","-76.846988",Pennsylvania,Dauphin,,,,0.042618125,8.42914877777778,
"42045","39.835556","-75.3725",Pennsylvania,Delaware,,"0.0029325","13.146456",0.0458715,9.0688767368421,
"42047","41.598119","-78.767867",Pennsylvania,Elk,,,,0.04251275,,
"42049","42.141749999999995","-80.038611",Pennsylvania,Erie,"0.053637000000000004",,"8.3594205",0.04018375,7.5098268,
"42051","39.917663","-79.805499",Pennsylvania,Fayette,,,"4.9994119999999995",0.043892,7.4718276,
"42055","39.961110999999995","-77.475556",Pennsylvania,Franklin,,,,0.0443945,,
"42059","39.809329999999996","-80.26567",Pennsylvania,Greene,,,,0.04160175,6.5765039,
"42063","40.56333","-78.919972",Pennsylvania,Indiana,,,,0.045945,,"1.2021412"
"42069","41.479116","-75.578186",Pennsylvania,Lackawanna,"0.1698155",,"15.2829365",0.039943625,6.4460517,
"42071","40.046667","-76.283333",Pennsylvania,Lancaster,,"0.0048365000000000005",,0.0439705,9.71963613636364,
"42073","40.860031","-80.27909199999999",Pennsylvania,Lawrence,,,,0.03887225,,
"42075","40.337328","-76.38344699999999",Pennsylvania,Lebanon,,,,0.04389875,8.76742822222222,
"42077","40.611944","-75.4325",Pennsylvania,Lehigh,,,,0.0428925,8.5093082,
"42079","41.265556","-75.846389",Pennsylvania,Luzerne,,,,0.04189525,,"0.45927280000000004"
"42081","41.250800000000005","-76.9238",Pennsylvania,Lycoming,,,,0.04000225,7.2204992,
"42085","41.215014","-80.484779",Pennsylvania,Mercer,,,,0.044075,8.004363,
"42089","41.083059999999996","-75.32328",Pennsylvania,Monroe,,,,0.0417165,,
"42091","40.112221999999996","-75.309167",Pennsylvania,Montgomery,,,,0.04328275,7.5652902,
"42095","40.628056","-75.341111",Pennsylvania,Northampton,,,"11.3991625",0.04436725,8.23409011111111,"0.3618872"
"42101","40.008888999999996","-75.09778",Pennsylvania,Philadelphia,"0.36352483333333335","0.0034555000000000002","18.4255915",0.0422939166666667,8.17451927586207,"0.9843789"
"42111","39.9878","-79.25150000000001",Pennsylvania,Somerset,,,,0.043596,,
"42115","41.867331","-75.686219",Pennsylvania,Susquehanna,,,,,6.5671668,
"42117","41.644722","-76.939167",Pennsylvania,Tioga,,,"1.250492",0.041916,5.6808825,
"42123","41.844722","-79.169722",Pennsylvania,Warren,,,,,,"1.8963894"
"42125","40.146667","-79.902222",Pennsylvania,Washington,,"0.003019","7.14345",0.0430918333333333,7.60788791666667,"0.8957640000000001"
"42129","40.304694","-79.505667",Pennsylvania,Westmoreland,,"0.004157",,0.044133,6.974941,
"42131","41.605244","-75.95774",Pennsylvania,Wyoming,,,,,8.9486964,
"42133","39.965278","-76.699444",Pennsylvania,York,,,"13.1286235",0.0423475,8.8737862,"0.2870906999999999"
"44003","41.615237","-71.72",Rhode Island,Kent,,,,0.045223,3.9415416,
"44007","41.807469","-71.41296799999999",Rhode Island,Providence,"0.36963075","0.002928","13.323212666666668",0.0431395,6.08878362962963,"0.2727254"
"44009","41.49511","-71.423705",Rhode Island,Washington,,,,0.046941,3.9327484,
"45003","33.342226","-81.788731",South Carolina,Aiken,,,,0.044635,,
"45007","34.623236","-82.53205899999999",South Carolina,Anderson,,,,0.04727325,,
"45015","32.987252","-79.9367",South Carolina,Berkeley,,,,0.0427195,,
"45019","32.882289","-79.977538",South Carolina,Charleston,,"0.000816","6.7856464999999995",0.0438655,7.003137,"0.461181"
"45025","34.615367","-80.198787",South Carolina,Chesterfield,,"0.001889",,0.0475275,7.121698,
"45029","33.007866","-80.96503799999999",South Carolina,Colleton,,,,,,
"45031","34.285696","-79.74485899999999",South Carolina,Darlington,,,,0.047097,,
"45037","33.739962999999996","-81.853635",South Carolina,Edgefield,,,,0.044635,7.673214,
"45041","34.214262999999995","-79.767347",South Carolina,Florence,,,,,7.714407,
"45043","33.368916","-79.296617",South Carolina,Georgetown,,,,,,
"45045","34.843894999999996","-82.414585",South Carolina,Greenville,,,"13.9488785",0.0493605,7.71954088235294,"0.1871004"
"45051","33.8005","-78.9941",South Carolina,Horry,,,,0.04698675,,
"45063","34.051017","-81.15495",South Carolina,Lexington,,,,,7.42618588888889,"0.2352658"
"45073","34.805261","-83.2377",South Carolina,Oconee,,,,0.04714425,6.2998294,"0.0845528"
"45077","34.653605999999996","-82.83865899999999",South Carolina,Pickens,,,,0.04836075,,
"45079","34.093959","-80.962304",South Carolina,Richland,"0.092653","0.00219","6.4220845",0.0422655833333333,7.645113,"0.1401838"
"45083","34.988706","-82.075802",South Carolina,Spartanburg,,,,0.04956175,7.48486,
"45091","34.977000000000004","-81.20700000000001",South Carolina,York,,,,0.04757375,7.846822,"0.12785459999999998"
"46011","44.348603999999995","-96.807299",South Dakota,Brookings,,,,0.0489025,4.2036334,
"46013","45.462500000000006","-98.486111",South Dakota,Brown,,,,,5.764548,
"46029","44.89965","-97.128802",South Dakota,Codington,,,,,6.306898,
"46033","43.55764","-103.48385999999999",South Dakota,Custer,,"0.000137",,0.044973,2.6573908,
"46065","44.373785999999996","-100.287269",South Dakota,Hughes,,,,,3.2793884,
"46071","43.74561","-101.941218",South Dakota,Jackson,,"0.00039","1.3829375",0.04408325,3.6746988,"1.5879265"
"46093","44.155636","-103.315765",South Dakota,Meade,,,,0.04090625,,
"46099","43.54792","-96.700769",South Dakota,Minnehaha,"0.185698","0.001829","7.8809819999999995",0.038886,5.45775938461538,"0.4339465"
"46103","44.087396999999996","-103.273777",South Dakota,Pennington,,,"9.6861185",,5.32127746153846,"0.778944"
"46127","42.751518","-96.707208",South Dakota,Union,,,"2.740455",0.0417445,5.8024762,"0.721778"
"47001","35.964968999999996","-84.22317",Tennessee,Anderson,,,,0.04824875,,"1.3518284"
"47009","35.768847","-83.942152",Tennessee,Blount,"0.16617949999999998","0.000614","0.9892595",0.042790625,6.5731054,"0.10778460000000001"
"47025","36.46983","-83.826511",Tennessee,Claiborne,,,,0.0431425,,
"47037","36.205055","-86.74472",Tennessee,Davidson,"0.336979",,"16.51722925",0.044609125,8.62453554545455,"2.323492"
"47041","36.0388","-85.73310000000001",Tennessee,DeKalb,,,,0.04324275,,
"47045","36.052659999999996","-89.38215699999999",Tennessee,Dyer,,,,,6.698135,
"47065","34.99438","-85.24293",Tennessee,Hamilton,,,,0.047441,8.06275882352941,
"47089","36.105629","-83.602077",Tennessee,Jefferson,,,,0.0462905,,
"47093","36.085508","-83.764806",Tennessee,Knox,,"0.003",,0.04365825,7.91082184615385,
"47099","35.115967999999995","-87.469954",Tennessee,Lawrence,,,,,5.6203542,
"47105","35.721095","-84.343035",Tennessee,Loudon,,,,0.0451275,6.844197,
"47107","35.450115","-84.596195",Tennessee,McMinn,,,,,7.3853504,
"47113","35.651348999999996","-88.809578",Tennessee,Madison,,,,,6.4761056,
"47119","35.65188","-87.0096",Tennessee,Maury,,,,,5.9982408,
"47125","36.514627","-87.328041",Tennessee,Montgomery,,,,,6.7496797,
"47141","36.185702","-85.49210699999999",Tennessee,Putnam,,,,,6.2682092,
"47145","35.939077999999995","-84.542802",Tennessee,Roane,,,,,7.054098,
"47155","35.696757999999996","-83.609612",Tennessee,Sevier,,,,0.0488755,,
"47157","35.217501","-90.019707",Tennessee,Shelby,"0.238367","0.0032419999999999997","15.713768",0.0439451666666667,8.41052076923077,"0.449136"
"47163","36.538761","-82.521599",Tennessee,Sullivan,,,,0.04612725,7.0673316,"3.8289759500000002"
"47165","36.29756","-86.653137",Tennessee,Sumner,,,,0.04689225,7.03189388888889,
"47187","35.949765","-87.138246",Tennessee,Williamson,,,,0.0445035,,
"47189","36.060894999999995","-86.28629099999999",Tennessee,Wilson,,,,0.042227,,
"48027","31.122418999999997","-97.431052",Texas,Bell,,,"5.555484999999999",0.04299225,8.3990048,
"48029","29.515089999999997","-98.620166",Texas,Bexar,"0.3290725",,"9.882493833333333",0.0423676666666667,8.745238,"0.27220225"
"48037","33.436111","-94.07777999999999",Texas,Bowie,,,,,9.3885658,
"48039","29.520443","-95.39250899999999",Texas,Brazoria,,,"6.6111015",0.036735625,,
"48043","29.30265","-103.17781",Texas,Brewster,,"0.000422",,0.043976,5.6525602,
"48061","25.892518","-97.49383",Texas,Cameron,,,,0.034613,9.3075383,
"48071","29.546243999999998","-94.786969",Texas,Chambers,,,,,,
"48085","33.132400000000004","-96.786419",Texas,Collin,,,,0.04707575,,
"48109","31.891389","-104.809722",Texas,Culberson,,"0.000356",,0.047137,,
"48113","32.774262","-96.797686",Texas,Dallas,"0.182691","0.003505","12.9083699",0.04311275,8.92363729411765,"0.44975999999999994"
"48121","33.219069","-97.19628399999999",Texas,Denton,,,"9.680973999999999",0.046913375,7.3721968,
"48135","31.836577","-102.342066",Texas,Ector,,,,,7.6415394,
"48139","32.482082999999996","-97.026899",Texas,Ellis,,"0.0016389999999999998","7.3698335",0.041994875,7.294118,"0.43853949999999997"
"48141","31.785769","-106.323578",Texas,El Paso,"0.26925416666666663","0.002712","18.713299333333335",0.0458705,7.79790235294118,"0.71613925"
"48161","31.797812999999998","-96.1031",Texas,Freestone,,,,,,"0.25467225"
"48167","29.384444","-94.93083299999999",Texas,Galveston,,,"5.2063745",0.04013325,7.38097444444444,"0.552837"
"48183","32.378696","-94.71181299999999",Texas,Gregg,,,"5.110939",0.04120725,,"1.3919855"
"48201","29.901035999999998","-95.326137",Texas,Harris,"0.29705699999999996","0.002628333333333333","14.246003",0.037149140625,9.403193825,"0.349865294117647"
"48203","32.669001","-94.167468",Texas,Harrison,,"0.002889","4.5010195",0.04001575,8.221429,"3.8903127499999997"
"48215","26.22621","-98.291069",Texas,Hidalgo,,,,0.032272,10.5350252222222,
"48221","32.442304","-97.803529",Texas,Hood,,,,0.04281875,,
"48227","32.280422","-101.407137",Texas,Howard,,,,,,"6.2909545"
"48231","33.153088","-96.115572",Texas,Hunt,,,"6.034103",0.04114925,,
"48233","35.6762","-101.4401",Texas,Hutchinson,,,,,,"14.353609250000002"
"48245","30.036421999999998","-94.071061",Texas,Jefferson,,,"7.0076325",0.0377125833333333,8.406626,"1.4887164999999998"
"48251","32.353595","-97.436742",Texas,Johnson,,,,0.04627625,,
"48257","32.564968","-96.31768699999999",Texas,Kaufman,,,"6.1538675",0.0424155,,"0.3768625"
"48273","27.426980999999998","-97.298692",Texas,Kleberg,,,,,8.3424732,
"48303","33.58553","-101.78698",Texas,Lubbock,,,,,6.4098318,
"48309","31.653086","-97.07070399999999",Texas,McLennan,"0.19841350000000002",,,0.0429725,,"0.67992725"
"48323","28.704607","-100.451156",Texas,Maverick,,,,,7.42088,
"48331","30.569533999999997","-97.07629399999999",Texas,Milam,,,,,,"0.21869425"
"48339","30.350302","-95.425128",Texas,Montgomery,,,"4.4565085",0.0414315,,
"48349","32.031934","-96.399141",Texas,Navarro,,,"6.5826115",0.043029,,"3.75499175"
"48355","27.76534","-97.43426199999999",Texas,Nueces,,"0.001018",,0.03421725,8.60692278571429,"0.6643090833333333"
"48361","30.085262999999998","-93.761341",Texas,Orange,,,"6.551997",0.0377435,8.2527438,"2.5679097499999997"
"48367","32.868773","-97.905931",Texas,Parker,,,,0.04461825,,
"48373","30.701700000000002","-94.6742",Texas,Polk,,,,0.0353115,,
"48375","35.201592","-101.909275",Texas,Potter,,,,,5.1536154,"2.479487875"
"48381","34.8803","-101.6649",Texas,Randall,,,,0.04846475,,
"48395","31.168889","-96.481944",Texas,Robertson,,,,,,"0.237846"
"48397","32.936523","-96.459211",Texas,Rockwall,,,,0.041025,,
"48401","32.277929","-94.57085099999999",Texas,Rusk,,,,,,"5.41383575"
"48423","32.344027","-95.41575399999999",Texas,Smith,,,"3.1934724999999995",0.0425745,,
"48439","32.987891","-97.477175",Texas,Tarrant,"0.338039",,"12.91610775",0.0442254,8.7122936875,
"48449","33.0752","-94.84740000000001",Texas,Titus,,,,,,"1.0393725"
"48453","30.354436","-97.760255",Texas,Travis,"0.3588535",,"12.72184575",0.041456125,9.35039207142857,"0.439889"
"48469","28.836214","-97.00552499999999",Texas,Victoria,,,,0.03648375,,
"48479","27.517456","-99.515222",Texas,Webb,"0.218215",,,0.035713,10.7085724,
"49003","41.492706999999996","-112.018863",Utah,Box Elder,,,"6.491719249999999",0.044064375,6.12818744444445,
"49005","41.842649","-111.852199",Utah,Cache,,"0.0030805","7.876633",0.04570575,7.525128,
"49007","39.60996","-110.800749",Utah,Carbon,,,"3.9963179999999996",0.049512,,
"49011","40.902967","-111.884467",Utah,Davis,,"0.003127","17.958274",0.04368325,5.83662488888889,
"49013","40.294177999999995","-110.009732",Utah,Duchesne,,,"7.0380495",0.0502705,6.1367546,
"49017","37.775544","-111.615473",Utah,Garfield,,"0.000229",,0.045908,,
"49021","37.74743","-113.055525",Utah,Iron,,,"12.554801999999999",0.04437575,4.340933,
"49035","40.712146","-112.111275",Utah,Salt Lake,"0.2526808333333333","0.003062","20.89304022222222",0.04042996875,6.73740095,"0.6784801071428574"
"49037","38.45832","-109.82126",Utah,San Juan,,"0.0002",,0.04773,,
"49045","40.600532","-112.353414",Utah,Tooele,,,"5.79744",0.0450955,5.382322,
"49047","40.437200000000004","-109.30470000000001",Utah,Uintah,"1.292191","0.000259","4.053107",0.0479499166666667,2.67181754545454,"0.06177666666666667"
"49049","40.341389","-111.713611",Utah,Utah,"0.10287299999999999","0.001709","12.858537250000001",0.044884875,5.69205022727273,
"49053","37.179125","-113.30509599999999",Utah,Washington,,"0.000328","5.990773000000001",0.047415625,4.5339322,
"49055","38.302177","-111.293349",Utah,Wayne,,"0.0001",,,,
"49057","41.206320999999996","-111.97552400000001",Utah,Weber,"0.14540675",,"20.36289725",0.0426395,6.19468716666667,
"50003","42.887589999999996","-73.24983999999999",Vermont,Bennington,,,,0.03868575,5.6390156,
"50007","44.528389999999995","-72.86883999999999",Vermont,Chittenden,"0.22545474999999998","0.001352","8.9640745",0.038568,4.94160735714286,"0.1563022"
"50021","43.608056","-72.982778",Vermont,Rutland,"0.17898949999999997",,"11.32882",0.037867,6.86450855555556,"0.485577"
"50025","42.9561","-72.9098",Vermont,Windham,,"0.0005099999999999999",,,,
"51003","38.07657","-78.50397",Virginia,Albemarle,,,,0.04297225,6.393103,
"51013","38.8577","-77.05922",Virginia,Arlington,"0.2945175",,"15.0328485",0.04679825,7.7358605,
"51023","37.447964999999996","-79.986486",Virginia,Botetourt,,,,,,"3.640845"
"51033","38.200869999999995","-77.37742",Virginia,Caroline,,,,0.04251425,,
"51035","36.700669999999995","-80.87978",Virginia,Carroll,,,,,,
"51036","37.34438","-77.25925",Virginia,Charles,,,"7.8660325",0.04286225,6.647414,"0.895318"
"51041","37.357479999999995","-77.59355",Virginia,Chesterfield,,,,0.0435995,6.724786,
"51059","38.77335","-77.10468",Virginia,Fairfax,"0.370214",,"21.989544",0.046307,8.28557722222222,"0.4881428"
"51061","38.47367","-77.76772",Virginia,Fauquier,,,,0.040155,,
"51069","39.28102","-78.08157",Virginia,Frederick,,,,0.0418325,7.2783495,
"51071","37.3863","-80.65390000000001",Virginia,Giles,,,,0.0469265,,"6.173608999999999"
"51085","37.60613","-77.2188",Virginia,Hanover,,,,0.04532925,,
"51087","37.55652","-77.40026999999999",Virginia,Henrico,"0.22950500000000001","0.002565","10.252229",0.040433,6.83130666666667,"0.25058679999999994"
"51107","39.02473","-77.48925",Virginia,Loudoun,,,"10.356551999999999",0.04516975,7.218333,
"51113","38.5231","-78.43471",Virginia,Madison,,"0.000649",,0.04699575,,
"51121","37.18494","-80.51606",Virginia,Montgomery,,,,,,
"51147","37.1655","-78.3069",Virginia,Prince Edward,,,,0.04127675,,
"51153","38.852869999999996","-77.63462",Virginia,Prince William,,,"6.6949055",0.04503675,,
"51161","37.28342","-79.88452",Virginia,Roanoke,"0.2185035",,"9.3619355",0.04452975,6.32521,"0.42044700000000007"
"51163","37.62668","-79.51257",Virginia,Rockbridge,,"0.002235",,0.041279,,
"51165","38.47753","-78.81952",Virginia,Rockingham,,,"14.477653499999999",0.0427455,7.061983,"0.25650120000000004"
"51179","38.48123","-77.3704",Virginia,Stafford,,,,0.04390675,,
"51197","36.891169999999995","-81.25422999999999",Virginia,Wythe,,,,0.04410075,,
"51510","38.804933","-77.12686599999999",Virginia,Alexandria City,,,,,,
"51520","36.608000000000004","-82.1641",Virginia,Bristol City,,,,,6.487179,
"51580","37.791388999999995","-79.990833",Virginia,Covington City,,,,,,"3.2037042"
"51650","37.103733","-76.387017",Virginia,Hampton City,"0.17245899999999997",,"5.7763025",0.04554,6.34190588888889,"0.5097582"
"51670","37.289615999999995","-77.291816",Virginia,Hopewell City,,,,,,
"51680","37.332706","-79.21501099999999",Virginia,Lynchburg City,,,,,6.307407,
"51710","36.85555","-76.30135",Virginia,Norfolk City,"0.30090949999999994",,"12.700247999999998",,7.063025,"0.3194086"
"51760","37.59088","-77.46925",Virginia,Richmond City,"0.36038000000000003",,"18.2579535",,8.18458433333333,
"51770","37.27494","-79.98567",Virginia,Roanoke City,,,,,,
"51775","37.297883","-80.081017",Virginia,Salem City,,,,,6.670339,
"51800","36.90118","-76.43808",Virginia,Suffolk City,,,,0.04332875,,
"51810","36.841882999999996","-76.18123299999999",Virginia,Virginia Beach City,,,,,6.788696,
"51840","39.183969999999995","-78.16308",Virginia,Winchester City,,,,,,
"53001","47.12","-118.3819",Washington,Adams,,,,,,
"53003","46.425416","-117.060445",Washington,Asotin,,,,,,
"53005","46.21835","-119.20415299999999",Washington,Benton,,,,0.04472325,,
"53007","47.838609999999996","-120.023076",Washington,Chelan,,,,,,"0.2368085"
"53009","48.29786","-124.62491",Washington,Clallam,"0.1004005","0.0002495",,0.0342845,,"0.05345725"
"53011","45.616667","-122.516667",Washington,Clark,,,,0.033971,7.1031624,
"53013","46.318000000000005","-117.985",Washington,Columbia,,,,,,
"53015","46.139444","-122.961944",Washington,Cowlitz,,,,,,
"53021","46.5754","-119.0021",Washington,Franklin,,,,,,
"53023","46.474438","-117.61476400000001",Washington,Garfield,,,,,,
"53025","47.130300000000005","-119.2737",Washington,Grant,,,,,,
"53027","47.3442","-124.28790000000001",Washington,Grays Harbor,,,,,,
"53031","48.12919","-122.77897",Washington,Jefferson,,,,,,
"53033","47.5525","-122.064722",Washington,King,"0.3148815","0.004070249999999999","20.756183999999998",0.0323260625,6.50276874358974,"0.9041389999999999"
"53035","47.592675","-122.627397",Washington,Kitsap,,,,,4.7534882,
"53037","46.99364","-120.545",Washington,Kittitas,,"0.000367",,,6.9915978,
"53039","45.666204","-121.000708",Washington,Klickitat,,"0.0004",,,,
"53041","46.664089999999995","-122.96732",Washington,Lewis,,"5.7e-05",,,,
"53045","47.21355","-123.10081",Washington,Mason,,,,,,
"53047","48.364509999999996","-120.121113",Washington,Okanogan,,"0.000182",,,7.4930638,
"53053","46.7841","-121.74036699999999",Washington,Pierce,,"0.0023183333333333333","19.554852",0.03864875,7.64608182608695,
"53055","48.535474","-123.01973100000001",Washington,San Juan,,,,,,
"53057","48.52059","-122.61428",Washington,Skagit,,,,0.02690625,5.5176674,"0.45590650000000005"
"53061","48.246900000000004","-121.60310000000001",Washington,Snohomish,,,,,7.1981878,
"53063","47.41645","-117.52996999999999",Washington,Spokane,,,,0.04247225,6.9552979,
"53065","47.885279999999995","-117.98865",Washington,Stevens,,,,,13.1165794,
"53067","46.952562","-122.59527",Washington,Thurston,"0.26943649999999997",,,0.03516825,,
"53071","46.05881","-118.35147",Washington,Walla Walla,,,,,,
"53073","48.950739999999996","-122.55441",Washington,Whatcom,,"0.000204",,0.03298925,4.5573156,"5.02920925"
"53075","46.72447","-117.18014",Washington,Whitman,,,,,,
"53077","46.31932","-119.99967699999999",Washington,Yakima,,"0.004732",,,9.391444,
"54003","39.448105","-77.96384499999999",West Virginia,Berkeley,,,,0.04194175,8.833913,
"54009","40.341023","-80.59663499999999",West Virginia,Brooke,,,,,9.453816,"3.3285074210526315"
"54011","38.410242","-82.432436",West Virginia,Cabell,,,,0.04288575,7.1945265,
"54021","38.8795","-80.8477",West Virginia,Gilmer,,,,0.03933825,,
"54025","37.908533","-80.632633",West Virginia,Greenbrier,,,,0.04498175,,
"54029","40.460138","-80.576567",West Virginia,Hancock,,,,0.043209875,8.095238,"2.466353066666666"
"54033","39.278117","-80.34224999999999",West Virginia,Harrison,,,,,7.27027,
"54039","38.346258","-81.621161",West Virginia,Kanawha,"0.20633849999999998","0.00327",,0.04133775,7.522303,"0.8334834000000001"
"54049","39.481483","-80.134667",West Virginia,Marion,,,,,7.621212,
"54051","39.915960999999996","-80.733858",West Virginia,Marshall,,"0.005278",,,9.224576,"2.1674894"
"54053","38.956475999999995","-82.08869299999999",West Virginia,Mason,,,,,,"2.02106325"
"54057","39.4452","-79.0691",West Virginia,Mineral,,,,,,"3.8983269999999997"
"54061","39.649367","-79.920867",West Virginia,Monongalia,,,,0.04411275,7.198246,"1.4928406"
"54069","40.114875999999995","-80.700972",West Virginia,Ohio,,,,0.04461725,8.102542,
"54093","39.105336","-79.425851",West Virginia,Tucker,,"0.000667",,0.04325625,,
"54107","39.323533","-81.55236699999999",West Virginia,Wood,,,,0.043177,7.771698,"2.3202596"
"55003","46.602247999999996","-90.65614099999999",Wisconsin,Ashland,,,,0.03624225,4.9912362,
"55009","44.50729","-87.99343999999999",Wisconsin,Brown,,"0.0033699999999999997",,0.0389015,7.3219938,"0.39327239999999997"
"55021","43.3156","-89.1089",Wisconsin,Columbia,,,,0.04015,,
"55025","43.100837999999996","-89.357298",Wisconsin,Dane,,,,0.04046075,8.27400771428571,"0.1448874"
"55027","43.466111","-88.621111",Wisconsin,Dodge,"0.12548900000000002","0.0031639999999999997",,0.03895,7.35702633333333,"0.2125032"
"55029","45.238400000000006","-86.994",Wisconsin,Door,,,,0.0386185,,
"55035","44.7614","-91.143",Wisconsin,Eau Claire,,,,0.03736875,7.6860088,
"55039","43.687402","-88.422045",Wisconsin,Fond du Lac,,,,0.039737,,
"55041","45.565000000000005","-88.8086",Wisconsin,Forest,,"0.000367",,0.03692725,5.4210866,"0.40156179999999997"
"55043","42.6938","-90.6979",Wisconsin,Grant,,,,,8.408777,
"55055","43.0034","-88.8283",Wisconsin,Jefferson,,,,0.0416705,,
"55059","42.504722","-87.80930000000001",Wisconsin,Kenosha,,,,0.043365875,7.397976,
"55061","44.44312","-87.50524",Wisconsin,Kewaunee,,,,0.03919925,,
"55063","43.7775","-91.2269",Wisconsin,La Crosse,,,,0.0397395,7.619056,
"55071","44.138619","-87.6161",Wisconsin,Manitowoc,,,"2.345601",0.03977875,,
"55073","44.70735","-89.77183",Wisconsin,Marathon,,,,0.03814875,,
"55079","43.016667","-87.93333299999999",Wisconsin,Milwaukee,"0.301963","0.0027235000000000002","16.523326",0.0390084166666667,8.02967183333334,"0.30084"
"55085","45.64505","-89.41848",Wisconsin,Oneida,,,,,,"0.767155"
"55087","44.307379999999995","-88.395178",Wisconsin,Outagamie,,,,0.03899225,8.0542612,"0.9941784"
"55089","43.343","-87.92",Wisconsin,Ozaukee,,,,0.0413885,6.9110846,
"55101","42.773677","-87.796306",Wisconsin,Racine,,,,0.044038,,
"55105","42.51831","-89.06347",Wisconsin,Rock,,,,0.04222725,,
"55111","43.435100000000006","-89.67970000000001",Wisconsin,Sauk,,,,0.0397785,6.56310593333334,
"55117","43.667418","-87.716213",Wisconsin,Sheboygan,,,,0.040045625,,
"55119","45.2066","-90.5972",Wisconsin,Taylor,,"0.002545",,0.037117,6.385165,
"55125","46.0519","-89.65400000000001",Wisconsin,Vilas,,,,0.03632175,4.9449134,
"55127","42.662178","-88.487106",Wisconsin,Walworth,,,,0.04193075,,
"55133","43.020075","-88.21507",Wisconsin,Waukesha,,,,0.0400685,8.88750877777778,
"56001","41.311586","-105.591725",Wyoming,Albany,,,,0.052676,3.7100565,
"56003","44.28","-108.041111",Wyoming,Big Horn,,,,0.04211775,,
"56005","44.941111","-105.837778",Wyoming,Campbell,,"6.9e-05","5.19360475",0.04173175,2.97670065,
"56007","41.78237","-107.12083",Wyoming,Carbon,,,"3.9917765",0.049561,,"1.1777253333333333"
"56009","43.425419999999995","-105.388566",Wyoming,Converse,"0.0717835",,"4.4100600000000005",0.04631975,2.2549262,"1.4481847499999998"
"56013","43.27106","-107.60017",Wyoming,Fremont,,,"0.8704265",0.04914625,4.28072722222222,"3.4288592499999995"
"56019","44.144166999999996","-106.108889",Wyoming,Johnson,,,"1.2249835",0.045522,,
"56021","41.136846","-104.818239",Wyoming,Laramie,"0.1471305","0.002928","6.40496975",0.045610625,3.33941918421052,"0.7787383"
"56023","41.6914","-110.6092",Wyoming,Lincoln,,,,,,
"56025","42.851064","-106.325088",Wyoming,Natrona,,,"8.0491785",0.046513,3.27569069230769,"1.6475701999999999"
"56029","44.524567999999995","-109.06926",Wyoming,Park,,"5.9e-05","3.8447365",0.042236,2.812122,"0.09042919999999999"
"56031","42.112266","-104.86819",Wyoming,Platte,,,,,,
"56033","44.815141999999994","-106.955933",Wyoming,Sheridan,,,,0.0454115,5.113099,
"56035","42.719","-109.753",Wyoming,Sublette,,"0.0002325","2.4481650999999998",0.050053175,2.77575,
"56037","41.592535999999996","-109.220852",Wyoming,Sweetwater,,,"13.966477874999997",0.0503044,4.472359,"0.86510496"
"56039","43.670832999999995","-110.59947199999999",Wyoming,Teton,"0.12094949999999999","0.000196","2.8377415000000004",0.0465753333333333,2.88984938888889,"0.0632152"
"56041","41.373097","-111.042376",Wyoming,Uinta,,,"3.6855919999999998",0.05013575,,
"56045","43.873056","-104.191944",Wyoming,Weston,,,,0.04630775,,"0.9124106"
"72001","18.175378","-66.725988",Puerto Rico,Adjuntas,,,,,5.552991,
"72013","18.457038999999998","-66.696693",Puerto Rico,Arecibo,,,,,,
"72021","18.420089","-66.150615",Puerto Rico,Bayamon,"0.187575","0.00225",,0.015286,7.13215266666667,"2.0354242"
"72025","18.198712","-66.05223699999999",Puerto Rico,Caguas,"0.429652",,"9.678969",,7.219658,
"72033","18.431207999999998","-66.141683",Puerto Rico,Catano,,,,0.01055125,,"1.3541235999999999"
"72053","18.383983","-65.618888",Puerto Rico,Fajardo,,,,,6.868067,
"72057","17.967309","-66.186149",Puerto Rico,Guayama,,,,,5.303571,"3.7101438"
"72061","18.425652","-66.11584599999999",Puerto Rico,Guaynabo,"0.439845",,"18.9558665",,7.314776,
"72097","18.216037999999998","-67.14410699999999",Puerto Rico,Mayagnez,,,,0.0069515,,
"72113","18.009558","-66.62724899999999",Puerto Rico,Ponce,"0.3239955",,,,6.285841,
"72127","18.449814","-66.05251",Puerto Rico,San Juan,"0.9298135",,,,,
"78010","17.712474","-64.784868",Virgin Islands,St Croix,,,,,6.252632,
"78020","18.334398999999998","-64.79597199999999",Virgin Islands,St John,,"0.000159",,,,
"78030","18.343811","-64.931389",Virgin Islands,St Thomas,,,,,8.2301486,
"80002","32.525058","-116.985856",Country Of Mexico,BAJA CALIFORNIA NORTE,,,,,,
"80026","32.466389","-114.76861099999999",Country Of Mexico,SONORA,,,,0.04665175,,
